--------------------------------------------------------
--  File created - Selasa-Januari-06-2015   
--------------------------------------------------------
--------------------------------------------------------
--  DDL for Sequence NESTED_CATEGORY_SEQ
--------------------------------------------------------

   CREATE SEQUENCE  "KINGBARAJA"."NESTED_CATEGORY_SEQ"  MINVALUE 1 MAXVALUE 9999999999999999999999999999 INCREMENT BY 1 START WITH 161 CACHE 20 NOORDER  NOCYCLE ;
--------------------------------------------------------
--  DDL for Sequence PRODUCTS_SEQUENCE
--------------------------------------------------------

   CREATE SEQUENCE  "KINGBARAJA"."PRODUCTS_SEQUENCE"  MINVALUE 1 MAXVALUE 9999999999999999999999999999 INCREMENT BY 1 START WITH 241 CACHE 20 NOORDER  NOCYCLE ;
--------------------------------------------------------
--  DDL for Sequence PRODUCT_TYPES_SEQUENCE
--------------------------------------------------------

   CREATE SEQUENCE  "KINGBARAJA"."PRODUCT_TYPES_SEQUENCE"  MINVALUE 1 MAXVALUE 9999999999999999999999999999 INCREMENT BY 1 START WITH 161 CACHE 20 NOORDER  NOCYCLE ;
--------------------------------------------------------
--  DDL for Sequence STUDENT_SEQUENCE
--------------------------------------------------------

   CREATE SEQUENCE  "KINGBARAJA"."STUDENT_SEQUENCE"  MINVALUE 1 MAXVALUE 9999999999999999999999999999 INCREMENT BY 1 START WITH 10000 CACHE 20 NOORDER  NOCYCLE ;
--------------------------------------------------------
--  DDL for Table CLASSES
--------------------------------------------------------

  CREATE TABLE "KINGBARAJA"."CLASSES" 
   (	"DEPARTMENT" CHAR(3 BYTE), 
	"COURSE" NUMBER(3,0), 
	"DESCRIPTION" VARCHAR2(2000 BYTE), 
	"MAX_STUDENTS" NUMBER(3,0), 
	"CURRENT_STUDENTS" NUMBER(3,0), 
	"NUM_CREDITS" NUMBER(1,0), 
	"ROOM_ID" NUMBER(5,0)
   ) SEGMENT CREATION IMMEDIATE 
  PCTFREE 10 PCTUSED 40 INITRANS 1 MAXTRANS 255 NOCOMPRESS LOGGING
  STORAGE(INITIAL 65536 NEXT 1048576 MINEXTENTS 1 MAXEXTENTS 2147483645
  PCTINCREASE 0 FREELISTS 1 FREELIST GROUPS 1 BUFFER_POOL DEFAULT FLASH_CACHE DEFAULT CELL_FLASH_CACHE DEFAULT)
  TABLESPACE "USERS" ;
--------------------------------------------------------
--  DDL for Table DEBUG_TABLE
--------------------------------------------------------

  CREATE TABLE "KINGBARAJA"."DEBUG_TABLE" 
   (	"LINECOUNT" NUMBER, 
	"DEBUG_STR" VARCHAR2(100 BYTE)
   ) SEGMENT CREATION DEFERRED 
  PCTFREE 10 PCTUSED 40 INITRANS 1 MAXTRANS 255 NOCOMPRESS LOGGING
  TABLESPACE "USERS" ;
--------------------------------------------------------
--  DDL for Table EMPLOYEES
--------------------------------------------------------

  CREATE TABLE "KINGBARAJA"."EMPLOYEES" 
   (	"EMPLOYEE_ID" NUMBER(22,0), 
	"MANAGER_ID" NUMBER(22,0), 
	"LAST_NAME" CHAR(1 BYTE)
   ) SEGMENT CREATION IMMEDIATE 
  PCTFREE 10 PCTUSED 40 INITRANS 1 MAXTRANS 255 NOCOMPRESS LOGGING
  STORAGE(INITIAL 65536 NEXT 1048576 MINEXTENTS 1 MAXEXTENTS 2147483645
  PCTINCREASE 0 FREELISTS 1 FREELIST GROUPS 1 BUFFER_POOL DEFAULT FLASH_CACHE DEFAULT CELL_FLASH_CACHE DEFAULT)
  TABLESPACE "USERS" ;
--------------------------------------------------------
--  DDL for Table LOG_TABLE
--------------------------------------------------------

  CREATE TABLE "KINGBARAJA"."LOG_TABLE" 
   (	"CODE" NUMBER, 
	"MESSAGE" VARCHAR2(200 BYTE), 
	"INFO" VARCHAR2(100 BYTE)
   ) SEGMENT CREATION DEFERRED 
  PCTFREE 10 PCTUSED 40 INITRANS 1 MAXTRANS 255 NOCOMPRESS LOGGING
  TABLESPACE "USERS" ;
--------------------------------------------------------
--  DDL for Table MAJOR_STATS
--------------------------------------------------------

  CREATE TABLE "KINGBARAJA"."MAJOR_STATS" 
   (	"MAJOR" VARCHAR2(30 BYTE), 
	"TOTAL_CREDITS" NUMBER, 
	"TOTAL_STUDENTS" NUMBER
   ) SEGMENT CREATION DEFERRED 
  PCTFREE 10 PCTUSED 40 INITRANS 1 MAXTRANS 255 NOCOMPRESS LOGGING
  TABLESPACE "USERS" ;
--------------------------------------------------------
--  DDL for Table NESTED_CATEGORY
--------------------------------------------------------

  CREATE TABLE "KINGBARAJA"."NESTED_CATEGORY" 
   (	"CATEGORY_ID" NUMBER(*,0), 
	"NAME" VARCHAR2(20 BYTE), 
	"TOP_LEVEL" NUMBER(*,0), 
	"LFT" NUMBER(*,0), 
	"RGT" NUMBER(*,0)
   ) SEGMENT CREATION IMMEDIATE 
  PCTFREE 10 PCTUSED 40 INITRANS 1 MAXTRANS 255 NOCOMPRESS LOGGING
  STORAGE(INITIAL 65536 NEXT 1048576 MINEXTENTS 1 MAXEXTENTS 2147483645
  PCTINCREASE 0 FREELISTS 1 FREELIST GROUPS 1 BUFFER_POOL DEFAULT FLASH_CACHE DEFAULT CELL_FLASH_CACHE DEFAULT)
  TABLESPACE "USERS" ;
--------------------------------------------------------
--  DDL for Table PRODUCTS
--------------------------------------------------------

  CREATE TABLE "KINGBARAJA"."PRODUCTS" 
   (	"ID" NUMBER, 
	"PRODUCT_TYPES_ID" NUMBER, 
	"NAME" VARCHAR2(70 BYTE), 
	"PRICE" NUMBER(16,2), 
	"ACTIVE" CHAR(1 BYTE)
   ) SEGMENT CREATION IMMEDIATE 
  PCTFREE 10 PCTUSED 40 INITRANS 1 MAXTRANS 255 NOCOMPRESS LOGGING
  STORAGE(INITIAL 65536 NEXT 1048576 MINEXTENTS 1 MAXEXTENTS 2147483645
  PCTINCREASE 0 FREELISTS 1 FREELIST GROUPS 1 BUFFER_POOL DEFAULT FLASH_CACHE DEFAULT CELL_FLASH_CACHE DEFAULT)
  TABLESPACE "USERS" ;
--------------------------------------------------------
--  DDL for Table PRODUCT_TYPES
--------------------------------------------------------

  CREATE TABLE "KINGBARAJA"."PRODUCT_TYPES" 
   (	"ID" NUMBER, 
	"NAME" VARCHAR2(70 BYTE)
   ) SEGMENT CREATION IMMEDIATE 
  PCTFREE 10 PCTUSED 40 INITRANS 1 MAXTRANS 255 NOCOMPRESS LOGGING
  STORAGE(INITIAL 65536 NEXT 1048576 MINEXTENTS 1 MAXEXTENTS 2147483645
  PCTINCREASE 0 FREELISTS 1 FREELIST GROUPS 1 BUFFER_POOL DEFAULT FLASH_CACHE DEFAULT CELL_FLASH_CACHE DEFAULT)
  TABLESPACE "USERS" ;
--------------------------------------------------------
--  DDL for Table REGISTERED_STUDENTS
--------------------------------------------------------

  CREATE TABLE "KINGBARAJA"."REGISTERED_STUDENTS" 
   (	"STUDENT_ID" NUMBER(5,0), 
	"DEPARTMENT" CHAR(3 BYTE), 
	"COURSE" NUMBER(3,0), 
	"GRADE" CHAR(1 BYTE)
   ) SEGMENT CREATION IMMEDIATE 
  PCTFREE 10 PCTUSED 40 INITRANS 1 MAXTRANS 255 NOCOMPRESS LOGGING
  STORAGE(INITIAL 65536 NEXT 1048576 MINEXTENTS 1 MAXEXTENTS 2147483645
  PCTINCREASE 0 FREELISTS 1 FREELIST GROUPS 1 BUFFER_POOL DEFAULT FLASH_CACHE DEFAULT CELL_FLASH_CACHE DEFAULT)
  TABLESPACE "USERS" ;
--------------------------------------------------------
--  DDL for Table ROOMS
--------------------------------------------------------

  CREATE TABLE "KINGBARAJA"."ROOMS" 
   (	"ROOM_ID" NUMBER(5,0), 
	"BUILDING" VARCHAR2(15 BYTE), 
	"ROOM_NUMBER" NUMBER(4,0), 
	"NUMBER_SEATS" NUMBER(4,0), 
	"DESCRIPTION" VARCHAR2(50 BYTE)
   ) SEGMENT CREATION IMMEDIATE 
  PCTFREE 10 PCTUSED 40 INITRANS 1 MAXTRANS 255 NOCOMPRESS LOGGING
  STORAGE(INITIAL 65536 NEXT 1048576 MINEXTENTS 1 MAXEXTENTS 2147483645
  PCTINCREASE 0 FREELISTS 1 FREELIST GROUPS 1 BUFFER_POOL DEFAULT FLASH_CACHE DEFAULT CELL_FLASH_CACHE DEFAULT)
  TABLESPACE "USERS" ;
--------------------------------------------------------
--  DDL for Table RS_AUDIT
--------------------------------------------------------

  CREATE TABLE "KINGBARAJA"."RS_AUDIT" 
   (	"CHANGE_TYPE" CHAR(1 BYTE), 
	"CHANGED_BY" VARCHAR2(8 BYTE), 
	"TIMESTAMP" DATE, 
	"OLD_STUDENT_ID" NUMBER(5,0), 
	"OLD_DEPARTMENT" CHAR(3 BYTE), 
	"OLD_COURSE" NUMBER(3,0), 
	"OLD_GRADE" CHAR(1 BYTE), 
	"NEW_STUDENT_ID" NUMBER(5,0), 
	"NEW_DEPARTMENT" CHAR(3 BYTE), 
	"NEW_COURSE" NUMBER(3,0), 
	"NEW_GRADE" CHAR(1 BYTE)
   ) SEGMENT CREATION DEFERRED 
  PCTFREE 10 PCTUSED 40 INITRANS 1 MAXTRANS 255 NOCOMPRESS LOGGING
  TABLESPACE "USERS" ;
--------------------------------------------------------
--  DDL for Table STUDENTS
--------------------------------------------------------

  CREATE TABLE "KINGBARAJA"."STUDENTS" 
   (	"ID" NUMBER(5,0), 
	"FIRST_NAME" VARCHAR2(20 BYTE), 
	"LAST_NAME" VARCHAR2(20 BYTE), 
	"MAJOR" VARCHAR2(30 BYTE), 
	"CURRENT_CREDITS" NUMBER(3,0)
   ) SEGMENT CREATION IMMEDIATE 
  PCTFREE 10 PCTUSED 40 INITRANS 1 MAXTRANS 255 NOCOMPRESS LOGGING
  STORAGE(INITIAL 65536 NEXT 1048576 MINEXTENTS 1 MAXEXTENTS 2147483645
  PCTINCREASE 0 FREELISTS 1 FREELIST GROUPS 1 BUFFER_POOL DEFAULT FLASH_CACHE DEFAULT CELL_FLASH_CACHE DEFAULT)
  TABLESPACE "USERS" ;
--------------------------------------------------------
--  DDL for Table TEMP_TABLE
--------------------------------------------------------

  CREATE TABLE "KINGBARAJA"."TEMP_TABLE" 
   (	"NUM_COL" NUMBER, 
	"CHAR_COL" VARCHAR2(60 BYTE)
   ) SEGMENT CREATION IMMEDIATE 
  PCTFREE 10 PCTUSED 40 INITRANS 1 MAXTRANS 255 NOCOMPRESS LOGGING
  STORAGE(INITIAL 65536 NEXT 1048576 MINEXTENTS 1 MAXEXTENTS 2147483645
  PCTINCREASE 0 FREELISTS 1 FREELIST GROUPS 1 BUFFER_POOL DEFAULT FLASH_CACHE DEFAULT CELL_FLASH_CACHE DEFAULT)
  TABLESPACE "USERS" ;
--------------------------------------------------------
--  DDL for Table TEST
--------------------------------------------------------

  CREATE TABLE "KINGBARAJA"."TEST" 
   (	"ID" NUMBER
   ) SEGMENT CREATION DEFERRED 
  PCTFREE 10 PCTUSED 40 INITRANS 1 MAXTRANS 255 NOCOMPRESS LOGGING
  TABLESPACE "USERS" ;
REM INSERTING into KINGBARAJA.CLASSES
SET DEFINE OFF;
Insert into KINGBARAJA.CLASSES (DEPARTMENT,COURSE,DESCRIPTION,MAX_STUDENTS,CURRENT_STUDENTS,NUM_CREDITS,ROOM_ID) values ('HIS','101','History 101','30','0','4','99999');
Insert into KINGBARAJA.CLASSES (DEPARTMENT,COURSE,DESCRIPTION,MAX_STUDENTS,CURRENT_STUDENTS,NUM_CREDITS,ROOM_ID) values ('HIS','301','History 301','30','0','4','99995');
Insert into KINGBARAJA.CLASSES (DEPARTMENT,COURSE,DESCRIPTION,MAX_STUDENTS,CURRENT_STUDENTS,NUM_CREDITS,ROOM_ID) values ('CS ','101','Computer Science 101','50','0','4','99998');
Insert into KINGBARAJA.CLASSES (DEPARTMENT,COURSE,DESCRIPTION,MAX_STUDENTS,CURRENT_STUDENTS,NUM_CREDITS,ROOM_ID) values ('ECN','203','Economics 203','15','0','3','99997');
Insert into KINGBARAJA.CLASSES (DEPARTMENT,COURSE,DESCRIPTION,MAX_STUDENTS,CURRENT_STUDENTS,NUM_CREDITS,ROOM_ID) values ('CS ','102','Computer Science 102','35','0','4','99996');
Insert into KINGBARAJA.CLASSES (DEPARTMENT,COURSE,DESCRIPTION,MAX_STUDENTS,CURRENT_STUDENTS,NUM_CREDITS,ROOM_ID) values ('MUS','410','Music 410','5','0','3','99994');
Insert into KINGBARAJA.CLASSES (DEPARTMENT,COURSE,DESCRIPTION,MAX_STUDENTS,CURRENT_STUDENTS,NUM_CREDITS,ROOM_ID) values ('ECN','101','Economics 101','50','0','4','99992');
Insert into KINGBARAJA.CLASSES (DEPARTMENT,COURSE,DESCRIPTION,MAX_STUDENTS,CURRENT_STUDENTS,NUM_CREDITS,ROOM_ID) values ('NUT','307','Nutrition 307','20','0','4','99991');
REM INSERTING into KINGBARAJA.DEBUG_TABLE
SET DEFINE OFF;
REM INSERTING into KINGBARAJA.EMPLOYEES
SET DEFINE OFF;
Insert into KINGBARAJA.EMPLOYEES (EMPLOYEE_ID,MANAGER_ID,LAST_NAME) values ('100',null,'T');
Insert into KINGBARAJA.EMPLOYEES (EMPLOYEE_ID,MANAGER_ID,LAST_NAME) values ('101','100','a');
Insert into KINGBARAJA.EMPLOYEES (EMPLOYEE_ID,MANAGER_ID,LAST_NAME) values ('102','100','b');
Insert into KINGBARAJA.EMPLOYEES (EMPLOYEE_ID,MANAGER_ID,LAST_NAME) values ('1020','102','e');
Insert into KINGBARAJA.EMPLOYEES (EMPLOYEE_ID,MANAGER_ID,LAST_NAME) values ('1021','102','f');
Insert into KINGBARAJA.EMPLOYEES (EMPLOYEE_ID,MANAGER_ID,LAST_NAME) values ('1010','101','c');
Insert into KINGBARAJA.EMPLOYEES (EMPLOYEE_ID,MANAGER_ID,LAST_NAME) values ('1011','101','d');
REM INSERTING into KINGBARAJA.LOG_TABLE
SET DEFINE OFF;
REM INSERTING into KINGBARAJA.MAJOR_STATS
SET DEFINE OFF;
REM INSERTING into KINGBARAJA.NESTED_CATEGORY
SET DEFINE OFF;
Insert into KINGBARAJA.NESTED_CATEGORY (CATEGORY_ID,NAME,TOP_LEVEL,LFT,RGT) values ('141','Electronic','141','1','2');
REM INSERTING into KINGBARAJA.PRODUCTS
SET DEFINE OFF;
Insert into KINGBARAJA.PRODUCTS (ID,PRODUCT_TYPES_ID,NAME,PRICE,ACTIVE) values ('203','102','pepsodent','1000','Y');
Insert into KINGBARAJA.PRODUCTS (ID,PRODUCT_TYPES_ID,NAME,PRICE,ACTIVE) values ('205','102','pepsodent','1000','Y');
Insert into KINGBARAJA.PRODUCTS (ID,PRODUCT_TYPES_ID,NAME,PRICE,ACTIVE) values ('209','102','pepsodent','1000','Y');
Insert into KINGBARAJA.PRODUCTS (ID,PRODUCT_TYPES_ID,NAME,PRICE,ACTIVE) values ('211','102','pepsodent','1000','Y');
Insert into KINGBARAJA.PRODUCTS (ID,PRODUCT_TYPES_ID,NAME,PRICE,ACTIVE) values ('213','102','pepsodent','1000','Y');
Insert into KINGBARAJA.PRODUCTS (ID,PRODUCT_TYPES_ID,NAME,PRICE,ACTIVE) values ('217','102','pepsodent','1000','Y');
Insert into KINGBARAJA.PRODUCTS (ID,PRODUCT_TYPES_ID,NAME,PRICE,ACTIVE) values ('219','102','pepsodent','1000','Y');
Insert into KINGBARAJA.PRODUCTS (ID,PRODUCT_TYPES_ID,NAME,PRICE,ACTIVE) values ('226','121','satu','1000','Y');
Insert into KINGBARAJA.PRODUCTS (ID,PRODUCT_TYPES_ID,NAME,PRICE,ACTIVE) values ('232','147','papan','30000','N');
Insert into KINGBARAJA.PRODUCTS (ID,PRODUCT_TYPES_ID,NAME,PRICE,ACTIVE) values ('208','102','pepsodent','1000','Y');
Insert into KINGBARAJA.PRODUCTS (ID,PRODUCT_TYPES_ID,NAME,PRICE,ACTIVE) values ('215','102','pepsodent','1000','Y');
Insert into KINGBARAJA.PRODUCTS (ID,PRODUCT_TYPES_ID,NAME,PRICE,ACTIVE) values ('216','102','pepsodent','1000','Y');
Insert into KINGBARAJA.PRODUCTS (ID,PRODUCT_TYPES_ID,NAME,PRICE,ACTIVE) values ('221','102','pepsodent','1000','Y');
Insert into KINGBARAJA.PRODUCTS (ID,PRODUCT_TYPES_ID,NAME,PRICE,ACTIVE) values ('223','102','pepsodent','1000','Y');
Insert into KINGBARAJA.PRODUCTS (ID,PRODUCT_TYPES_ID,NAME,PRICE,ACTIVE) values ('228','121','satu','1000','Y');
Insert into KINGBARAJA.PRODUCTS (ID,PRODUCT_TYPES_ID,NAME,PRICE,ACTIVE) values ('229','121','satu','1000','Y');
Insert into KINGBARAJA.PRODUCTS (ID,PRODUCT_TYPES_ID,NAME,PRICE,ACTIVE) values ('231','150','dua','2000','Y');
Insert into KINGBARAJA.PRODUCTS (ID,PRODUCT_TYPES_ID,NAME,PRICE,ACTIVE) values ('224','121','satu','1000','Y');
Insert into KINGBARAJA.PRODUCTS (ID,PRODUCT_TYPES_ID,NAME,PRICE,ACTIVE) values ('233','124','pangan','10000','Y');
Insert into KINGBARAJA.PRODUCTS (ID,PRODUCT_TYPES_ID,NAME,PRICE,ACTIVE) values ('204','102','pepsodent','1000','Y');
Insert into KINGBARAJA.PRODUCTS (ID,PRODUCT_TYPES_ID,NAME,PRICE,ACTIVE) values ('206','102','pepsodent','1000','Y');
Insert into KINGBARAJA.PRODUCTS (ID,PRODUCT_TYPES_ID,NAME,PRICE,ACTIVE) values ('207','102','pepsodent','1000','Y');
Insert into KINGBARAJA.PRODUCTS (ID,PRODUCT_TYPES_ID,NAME,PRICE,ACTIVE) values ('210','102','pepsodent','1000','Y');
Insert into KINGBARAJA.PRODUCTS (ID,PRODUCT_TYPES_ID,NAME,PRICE,ACTIVE) values ('212','102','pepsodent','1000','Y');
Insert into KINGBARAJA.PRODUCTS (ID,PRODUCT_TYPES_ID,NAME,PRICE,ACTIVE) values ('218','146','rem-tangan','1000','N');
Insert into KINGBARAJA.PRODUCTS (ID,PRODUCT_TYPES_ID,NAME,PRICE,ACTIVE) values ('227','121','satu','1000','Y');
Insert into KINGBARAJA.PRODUCTS (ID,PRODUCT_TYPES_ID,NAME,PRICE,ACTIVE) values ('202','102','pepsodent','1000','Y');
Insert into KINGBARAJA.PRODUCTS (ID,PRODUCT_TYPES_ID,NAME,PRICE,ACTIVE) values ('214','102','pepsodent','1000','Y');
Insert into KINGBARAJA.PRODUCTS (ID,PRODUCT_TYPES_ID,NAME,PRICE,ACTIVE) values ('220','148','rem-tangan','1000','N');
Insert into KINGBARAJA.PRODUCTS (ID,PRODUCT_TYPES_ID,NAME,PRICE,ACTIVE) values ('222','150','rem-tangan','1000','N');
Insert into KINGBARAJA.PRODUCTS (ID,PRODUCT_TYPES_ID,NAME,PRICE,ACTIVE) values ('225','121','satu','1000','Y');
Insert into KINGBARAJA.PRODUCTS (ID,PRODUCT_TYPES_ID,NAME,PRICE,ACTIVE) values ('230','121','satu','1000','Y');
Insert into KINGBARAJA.PRODUCTS (ID,PRODUCT_TYPES_ID,NAME,PRICE,ACTIVE) values ('234','150','ngumpul','20000','N');
REM INSERTING into KINGBARAJA.PRODUCT_TYPES
SET DEFINE OFF;
Insert into KINGBARAJA.PRODUCT_TYPES (ID,NAME) values ('121','music');
Insert into KINGBARAJA.PRODUCT_TYPES (ID,NAME) values ('124','music');
Insert into KINGBARAJA.PRODUCT_TYPES (ID,NAME) values ('138','music');
Insert into KINGBARAJA.PRODUCT_TYPES (ID,NAME) values ('143','buku');
Insert into KINGBARAJA.PRODUCT_TYPES (ID,NAME) values ('144','buku');
Insert into KINGBARAJA.PRODUCT_TYPES (ID,NAME) values ('149','buku');
Insert into KINGBARAJA.PRODUCT_TYPES (ID,NAME) values ('151','buku');
Insert into KINGBARAJA.PRODUCT_TYPES (ID,NAME) values ('102','aha');
Insert into KINGBARAJA.PRODUCT_TYPES (ID,NAME) values ('134','music');
Insert into KINGBARAJA.PRODUCT_TYPES (ID,NAME) values ('136','music');
Insert into KINGBARAJA.PRODUCT_TYPES (ID,NAME) values ('137','music');
Insert into KINGBARAJA.PRODUCT_TYPES (ID,NAME) values ('122','music');
Insert into KINGBARAJA.PRODUCT_TYPES (ID,NAME) values ('123','music');
Insert into KINGBARAJA.PRODUCT_TYPES (ID,NAME) values ('126','music');
Insert into KINGBARAJA.PRODUCT_TYPES (ID,NAME) values ('128','music');
Insert into KINGBARAJA.PRODUCT_TYPES (ID,NAME) values ('129','music');
Insert into KINGBARAJA.PRODUCT_TYPES (ID,NAME) values ('130','music');
Insert into KINGBARAJA.PRODUCT_TYPES (ID,NAME) values ('132','music');
Insert into KINGBARAJA.PRODUCT_TYPES (ID,NAME) values ('140','music');
Insert into KINGBARAJA.PRODUCT_TYPES (ID,NAME) values ('146','onderdil');
Insert into KINGBARAJA.PRODUCT_TYPES (ID,NAME) values ('142','music');
Insert into KINGBARAJA.PRODUCT_TYPES (ID,NAME) values ('148','onderdil');
Insert into KINGBARAJA.PRODUCT_TYPES (ID,NAME) values ('150','onderdil');
Insert into KINGBARAJA.PRODUCT_TYPES (ID,NAME) values ('125','music');
Insert into KINGBARAJA.PRODUCT_TYPES (ID,NAME) values ('127','music');
Insert into KINGBARAJA.PRODUCT_TYPES (ID,NAME) values ('131','music');
Insert into KINGBARAJA.PRODUCT_TYPES (ID,NAME) values ('133','music');
Insert into KINGBARAJA.PRODUCT_TYPES (ID,NAME) values ('135','music');
Insert into KINGBARAJA.PRODUCT_TYPES (ID,NAME) values ('139','music');
Insert into KINGBARAJA.PRODUCT_TYPES (ID,NAME) values ('141','music');
Insert into KINGBARAJA.PRODUCT_TYPES (ID,NAME) values ('145','buku');
Insert into KINGBARAJA.PRODUCT_TYPES (ID,NAME) values ('147','buku');
REM INSERTING into KINGBARAJA.REGISTERED_STUDENTS
SET DEFINE OFF;
Insert into KINGBARAJA.REGISTERED_STUDENTS (STUDENT_ID,DEPARTMENT,COURSE,GRADE) values ('10000','CS ','102','A');
Insert into KINGBARAJA.REGISTERED_STUDENTS (STUDENT_ID,DEPARTMENT,COURSE,GRADE) values ('10002','CS ','102','B');
Insert into KINGBARAJA.REGISTERED_STUDENTS (STUDENT_ID,DEPARTMENT,COURSE,GRADE) values ('10003','CS ','102','C');
Insert into KINGBARAJA.REGISTERED_STUDENTS (STUDENT_ID,DEPARTMENT,COURSE,GRADE) values ('10000','HIS','101','A');
Insert into KINGBARAJA.REGISTERED_STUDENTS (STUDENT_ID,DEPARTMENT,COURSE,GRADE) values ('10001','HIS','101','B');
Insert into KINGBARAJA.REGISTERED_STUDENTS (STUDENT_ID,DEPARTMENT,COURSE,GRADE) values ('10002','HIS','101','B');
Insert into KINGBARAJA.REGISTERED_STUDENTS (STUDENT_ID,DEPARTMENT,COURSE,GRADE) values ('10003','HIS','101','A');
Insert into KINGBARAJA.REGISTERED_STUDENTS (STUDENT_ID,DEPARTMENT,COURSE,GRADE) values ('10004','HIS','101','C');
Insert into KINGBARAJA.REGISTERED_STUDENTS (STUDENT_ID,DEPARTMENT,COURSE,GRADE) values ('10005','HIS','101','C');
Insert into KINGBARAJA.REGISTERED_STUDENTS (STUDENT_ID,DEPARTMENT,COURSE,GRADE) values ('10006','HIS','101','E');
Insert into KINGBARAJA.REGISTERED_STUDENTS (STUDENT_ID,DEPARTMENT,COURSE,GRADE) values ('10007','HIS','101','B');
Insert into KINGBARAJA.REGISTERED_STUDENTS (STUDENT_ID,DEPARTMENT,COURSE,GRADE) values ('10008','HIS','101','A');
Insert into KINGBARAJA.REGISTERED_STUDENTS (STUDENT_ID,DEPARTMENT,COURSE,GRADE) values ('10009','HIS','101','D');
Insert into KINGBARAJA.REGISTERED_STUDENTS (STUDENT_ID,DEPARTMENT,COURSE,GRADE) values ('10010','HIS','101','A');
Insert into KINGBARAJA.REGISTERED_STUDENTS (STUDENT_ID,DEPARTMENT,COURSE,GRADE) values ('10008','NUT','307','A');
Insert into KINGBARAJA.REGISTERED_STUDENTS (STUDENT_ID,DEPARTMENT,COURSE,GRADE) values ('10010','NUT','307','A');
Insert into KINGBARAJA.REGISTERED_STUDENTS (STUDENT_ID,DEPARTMENT,COURSE,GRADE) values ('10009','MUS','410','B');
Insert into KINGBARAJA.REGISTERED_STUDENTS (STUDENT_ID,DEPARTMENT,COURSE,GRADE) values ('10006','MUS','410','E');
REM INSERTING into KINGBARAJA.ROOMS
SET DEFINE OFF;
Insert into KINGBARAJA.ROOMS (ROOM_ID,BUILDING,ROOM_NUMBER,NUMBER_SEATS,DESCRIPTION) values ('99999','Building 7','310','1000','Large Lecture Hall');
Insert into KINGBARAJA.ROOMS (ROOM_ID,BUILDING,ROOM_NUMBER,NUMBER_SEATS,DESCRIPTION) values ('99998','Building 6','101','500','Small Lecture Hall');
Insert into KINGBARAJA.ROOMS (ROOM_ID,BUILDING,ROOM_NUMBER,NUMBER_SEATS,DESCRIPTION) values ('99997','Building 6','150','50','Discussion Room A');
Insert into KINGBARAJA.ROOMS (ROOM_ID,BUILDING,ROOM_NUMBER,NUMBER_SEATS,DESCRIPTION) values ('99996','Building 6','160','50','Discussion Room B');
Insert into KINGBARAJA.ROOMS (ROOM_ID,BUILDING,ROOM_NUMBER,NUMBER_SEATS,DESCRIPTION) values ('99995','Building 6','170','50','Discussion Room C');
Insert into KINGBARAJA.ROOMS (ROOM_ID,BUILDING,ROOM_NUMBER,NUMBER_SEATS,DESCRIPTION) values ('99994','Music Building','100','10','Music Practice Room');
Insert into KINGBARAJA.ROOMS (ROOM_ID,BUILDING,ROOM_NUMBER,NUMBER_SEATS,DESCRIPTION) values ('99993','Music Building','200','1000','Concert Room');
Insert into KINGBARAJA.ROOMS (ROOM_ID,BUILDING,ROOM_NUMBER,NUMBER_SEATS,DESCRIPTION) values ('99992','Building 7','300','75','Discussion Room D');
Insert into KINGBARAJA.ROOMS (ROOM_ID,BUILDING,ROOM_NUMBER,NUMBER_SEATS,DESCRIPTION) values ('99991','Building 7','310','50','Discussion Room E');
REM INSERTING into KINGBARAJA.RS_AUDIT
SET DEFINE OFF;
REM INSERTING into KINGBARAJA.STUDENTS
SET DEFINE OFF;
Insert into KINGBARAJA.STUDENTS (ID,FIRST_NAME,LAST_NAME,MAJOR,CURRENT_CREDITS) values ('10000','Scott','Smith','Computer Science','0');
Insert into KINGBARAJA.STUDENTS (ID,FIRST_NAME,LAST_NAME,MAJOR,CURRENT_CREDITS) values ('10001','Margaret','Mason','History','0');
Insert into KINGBARAJA.STUDENTS (ID,FIRST_NAME,LAST_NAME,MAJOR,CURRENT_CREDITS) values ('10002','Joanne','Junebug','Computer Science','0');
Insert into KINGBARAJA.STUDENTS (ID,FIRST_NAME,LAST_NAME,MAJOR,CURRENT_CREDITS) values ('10003','Manish','Murgratroid','Economics','0');
Insert into KINGBARAJA.STUDENTS (ID,FIRST_NAME,LAST_NAME,MAJOR,CURRENT_CREDITS) values ('10004','Patrick','Poll','History','0');
Insert into KINGBARAJA.STUDENTS (ID,FIRST_NAME,LAST_NAME,MAJOR,CURRENT_CREDITS) values ('10005','Timothy','Taller','History','0');
Insert into KINGBARAJA.STUDENTS (ID,FIRST_NAME,LAST_NAME,MAJOR,CURRENT_CREDITS) values ('10006','Barbara','Blues','Economics','0');
Insert into KINGBARAJA.STUDENTS (ID,FIRST_NAME,LAST_NAME,MAJOR,CURRENT_CREDITS) values ('10007','David','Dinsmore','Music','0');
Insert into KINGBARAJA.STUDENTS (ID,FIRST_NAME,LAST_NAME,MAJOR,CURRENT_CREDITS) values ('10008','Ester','Elegant','Nutrition','0');
Insert into KINGBARAJA.STUDENTS (ID,FIRST_NAME,LAST_NAME,MAJOR,CURRENT_CREDITS) values ('10009','Rose','Riznit','Music','0');
Insert into KINGBARAJA.STUDENTS (ID,FIRST_NAME,LAST_NAME,MAJOR,CURRENT_CREDITS) values ('10010','Rita','Razmataz','Nutrition','0');
REM INSERTING into KINGBARAJA.TEMP_TABLE
SET DEFINE OFF;
Insert into KINGBARAJA.TEMP_TABLE (NUM_COL,CHAR_COL) values ('1',null);
Insert into KINGBARAJA.TEMP_TABLE (NUM_COL,CHAR_COL) values ('2',null);
Insert into KINGBARAJA.TEMP_TABLE (NUM_COL,CHAR_COL) values ('3',null);
Insert into KINGBARAJA.TEMP_TABLE (NUM_COL,CHAR_COL) values ('4',null);
Insert into KINGBARAJA.TEMP_TABLE (NUM_COL,CHAR_COL) values ('5',null);
Insert into KINGBARAJA.TEMP_TABLE (NUM_COL,CHAR_COL) values ('6',null);
Insert into KINGBARAJA.TEMP_TABLE (NUM_COL,CHAR_COL) values ('7',null);
Insert into KINGBARAJA.TEMP_TABLE (NUM_COL,CHAR_COL) values ('8',null);
Insert into KINGBARAJA.TEMP_TABLE (NUM_COL,CHAR_COL) values ('9',null);
Insert into KINGBARAJA.TEMP_TABLE (NUM_COL,CHAR_COL) values ('10',null);
Insert into KINGBARAJA.TEMP_TABLE (NUM_COL,CHAR_COL) values ('11',null);
Insert into KINGBARAJA.TEMP_TABLE (NUM_COL,CHAR_COL) values ('12',null);
Insert into KINGBARAJA.TEMP_TABLE (NUM_COL,CHAR_COL) values ('13',null);
Insert into KINGBARAJA.TEMP_TABLE (NUM_COL,CHAR_COL) values ('14',null);
Insert into KINGBARAJA.TEMP_TABLE (NUM_COL,CHAR_COL) values ('15',null);
Insert into KINGBARAJA.TEMP_TABLE (NUM_COL,CHAR_COL) values ('16',null);
Insert into KINGBARAJA.TEMP_TABLE (NUM_COL,CHAR_COL) values ('17',null);
Insert into KINGBARAJA.TEMP_TABLE (NUM_COL,CHAR_COL) values ('18',null);
Insert into KINGBARAJA.TEMP_TABLE (NUM_COL,CHAR_COL) values ('19',null);
Insert into KINGBARAJA.TEMP_TABLE (NUM_COL,CHAR_COL) values ('20',null);
Insert into KINGBARAJA.TEMP_TABLE (NUM_COL,CHAR_COL) values ('21',null);
Insert into KINGBARAJA.TEMP_TABLE (NUM_COL,CHAR_COL) values ('22',null);
Insert into KINGBARAJA.TEMP_TABLE (NUM_COL,CHAR_COL) values ('23',null);
Insert into KINGBARAJA.TEMP_TABLE (NUM_COL,CHAR_COL) values ('24',null);
Insert into KINGBARAJA.TEMP_TABLE (NUM_COL,CHAR_COL) values ('25',null);
Insert into KINGBARAJA.TEMP_TABLE (NUM_COL,CHAR_COL) values ('26',null);
Insert into KINGBARAJA.TEMP_TABLE (NUM_COL,CHAR_COL) values ('27',null);
Insert into KINGBARAJA.TEMP_TABLE (NUM_COL,CHAR_COL) values ('28',null);
Insert into KINGBARAJA.TEMP_TABLE (NUM_COL,CHAR_COL) values ('29',null);
Insert into KINGBARAJA.TEMP_TABLE (NUM_COL,CHAR_COL) values ('30',null);
Insert into KINGBARAJA.TEMP_TABLE (NUM_COL,CHAR_COL) values ('31',null);
Insert into KINGBARAJA.TEMP_TABLE (NUM_COL,CHAR_COL) values ('32',null);
Insert into KINGBARAJA.TEMP_TABLE (NUM_COL,CHAR_COL) values ('33',null);
Insert into KINGBARAJA.TEMP_TABLE (NUM_COL,CHAR_COL) values ('34',null);
Insert into KINGBARAJA.TEMP_TABLE (NUM_COL,CHAR_COL) values ('35',null);
Insert into KINGBARAJA.TEMP_TABLE (NUM_COL,CHAR_COL) values ('36',null);
Insert into KINGBARAJA.TEMP_TABLE (NUM_COL,CHAR_COL) values ('37',null);
Insert into KINGBARAJA.TEMP_TABLE (NUM_COL,CHAR_COL) values ('38',null);
Insert into KINGBARAJA.TEMP_TABLE (NUM_COL,CHAR_COL) values ('39',null);
Insert into KINGBARAJA.TEMP_TABLE (NUM_COL,CHAR_COL) values ('40',null);
Insert into KINGBARAJA.TEMP_TABLE (NUM_COL,CHAR_COL) values ('41',null);
Insert into KINGBARAJA.TEMP_TABLE (NUM_COL,CHAR_COL) values ('42',null);
Insert into KINGBARAJA.TEMP_TABLE (NUM_COL,CHAR_COL) values ('43',null);
Insert into KINGBARAJA.TEMP_TABLE (NUM_COL,CHAR_COL) values ('44',null);
Insert into KINGBARAJA.TEMP_TABLE (NUM_COL,CHAR_COL) values ('45',null);
Insert into KINGBARAJA.TEMP_TABLE (NUM_COL,CHAR_COL) values ('46',null);
Insert into KINGBARAJA.TEMP_TABLE (NUM_COL,CHAR_COL) values ('47',null);
Insert into KINGBARAJA.TEMP_TABLE (NUM_COL,CHAR_COL) values ('48',null);
Insert into KINGBARAJA.TEMP_TABLE (NUM_COL,CHAR_COL) values ('49',null);
Insert into KINGBARAJA.TEMP_TABLE (NUM_COL,CHAR_COL) values ('50',null);
Insert into KINGBARAJA.TEMP_TABLE (NUM_COL,CHAR_COL) values ('1',null);
Insert into KINGBARAJA.TEMP_TABLE (NUM_COL,CHAR_COL) values ('2',null);
Insert into KINGBARAJA.TEMP_TABLE (NUM_COL,CHAR_COL) values ('3',null);
Insert into KINGBARAJA.TEMP_TABLE (NUM_COL,CHAR_COL) values ('4',null);
Insert into KINGBARAJA.TEMP_TABLE (NUM_COL,CHAR_COL) values ('5',null);
Insert into KINGBARAJA.TEMP_TABLE (NUM_COL,CHAR_COL) values ('6',null);
Insert into KINGBARAJA.TEMP_TABLE (NUM_COL,CHAR_COL) values ('7',null);
Insert into KINGBARAJA.TEMP_TABLE (NUM_COL,CHAR_COL) values ('8',null);
Insert into KINGBARAJA.TEMP_TABLE (NUM_COL,CHAR_COL) values ('9',null);
Insert into KINGBARAJA.TEMP_TABLE (NUM_COL,CHAR_COL) values ('10',null);
Insert into KINGBARAJA.TEMP_TABLE (NUM_COL,CHAR_COL) values ('11',null);
Insert into KINGBARAJA.TEMP_TABLE (NUM_COL,CHAR_COL) values ('12',null);
Insert into KINGBARAJA.TEMP_TABLE (NUM_COL,CHAR_COL) values ('13',null);
Insert into KINGBARAJA.TEMP_TABLE (NUM_COL,CHAR_COL) values ('14',null);
Insert into KINGBARAJA.TEMP_TABLE (NUM_COL,CHAR_COL) values ('15',null);
Insert into KINGBARAJA.TEMP_TABLE (NUM_COL,CHAR_COL) values ('16',null);
Insert into KINGBARAJA.TEMP_TABLE (NUM_COL,CHAR_COL) values ('17',null);
Insert into KINGBARAJA.TEMP_TABLE (NUM_COL,CHAR_COL) values ('18',null);
Insert into KINGBARAJA.TEMP_TABLE (NUM_COL,CHAR_COL) values ('19',null);
Insert into KINGBARAJA.TEMP_TABLE (NUM_COL,CHAR_COL) values ('20',null);
Insert into KINGBARAJA.TEMP_TABLE (NUM_COL,CHAR_COL) values ('21',null);
Insert into KINGBARAJA.TEMP_TABLE (NUM_COL,CHAR_COL) values ('22',null);
Insert into KINGBARAJA.TEMP_TABLE (NUM_COL,CHAR_COL) values ('23',null);
Insert into KINGBARAJA.TEMP_TABLE (NUM_COL,CHAR_COL) values ('24',null);
Insert into KINGBARAJA.TEMP_TABLE (NUM_COL,CHAR_COL) values ('25',null);
Insert into KINGBARAJA.TEMP_TABLE (NUM_COL,CHAR_COL) values ('26',null);
Insert into KINGBARAJA.TEMP_TABLE (NUM_COL,CHAR_COL) values ('27',null);
Insert into KINGBARAJA.TEMP_TABLE (NUM_COL,CHAR_COL) values ('28',null);
Insert into KINGBARAJA.TEMP_TABLE (NUM_COL,CHAR_COL) values ('29',null);
Insert into KINGBARAJA.TEMP_TABLE (NUM_COL,CHAR_COL) values ('30',null);
Insert into KINGBARAJA.TEMP_TABLE (NUM_COL,CHAR_COL) values ('31',null);
Insert into KINGBARAJA.TEMP_TABLE (NUM_COL,CHAR_COL) values ('32',null);
Insert into KINGBARAJA.TEMP_TABLE (NUM_COL,CHAR_COL) values ('33',null);
Insert into KINGBARAJA.TEMP_TABLE (NUM_COL,CHAR_COL) values ('34',null);
Insert into KINGBARAJA.TEMP_TABLE (NUM_COL,CHAR_COL) values ('35',null);
Insert into KINGBARAJA.TEMP_TABLE (NUM_COL,CHAR_COL) values ('36',null);
Insert into KINGBARAJA.TEMP_TABLE (NUM_COL,CHAR_COL) values ('37',null);
Insert into KINGBARAJA.TEMP_TABLE (NUM_COL,CHAR_COL) values ('38',null);
Insert into KINGBARAJA.TEMP_TABLE (NUM_COL,CHAR_COL) values ('39',null);
Insert into KINGBARAJA.TEMP_TABLE (NUM_COL,CHAR_COL) values ('40',null);
Insert into KINGBARAJA.TEMP_TABLE (NUM_COL,CHAR_COL) values ('41',null);
Insert into KINGBARAJA.TEMP_TABLE (NUM_COL,CHAR_COL) values ('42',null);
Insert into KINGBARAJA.TEMP_TABLE (NUM_COL,CHAR_COL) values ('43',null);
Insert into KINGBARAJA.TEMP_TABLE (NUM_COL,CHAR_COL) values ('44',null);
Insert into KINGBARAJA.TEMP_TABLE (NUM_COL,CHAR_COL) values ('45',null);
Insert into KINGBARAJA.TEMP_TABLE (NUM_COL,CHAR_COL) values ('46',null);
Insert into KINGBARAJA.TEMP_TABLE (NUM_COL,CHAR_COL) values ('47',null);
Insert into KINGBARAJA.TEMP_TABLE (NUM_COL,CHAR_COL) values ('48',null);
Insert into KINGBARAJA.TEMP_TABLE (NUM_COL,CHAR_COL) values ('49',null);
Insert into KINGBARAJA.TEMP_TABLE (NUM_COL,CHAR_COL) values ('50',null);
Insert into KINGBARAJA.TEMP_TABLE (NUM_COL,CHAR_COL) values ('1',null);
Insert into KINGBARAJA.TEMP_TABLE (NUM_COL,CHAR_COL) values ('2',null);
Insert into KINGBARAJA.TEMP_TABLE (NUM_COL,CHAR_COL) values ('3',null);
Insert into KINGBARAJA.TEMP_TABLE (NUM_COL,CHAR_COL) values ('4',null);
Insert into KINGBARAJA.TEMP_TABLE (NUM_COL,CHAR_COL) values ('5',null);
Insert into KINGBARAJA.TEMP_TABLE (NUM_COL,CHAR_COL) values ('6',null);
Insert into KINGBARAJA.TEMP_TABLE (NUM_COL,CHAR_COL) values ('7',null);
Insert into KINGBARAJA.TEMP_TABLE (NUM_COL,CHAR_COL) values ('8',null);
Insert into KINGBARAJA.TEMP_TABLE (NUM_COL,CHAR_COL) values ('9',null);
Insert into KINGBARAJA.TEMP_TABLE (NUM_COL,CHAR_COL) values ('10',null);
Insert into KINGBARAJA.TEMP_TABLE (NUM_COL,CHAR_COL) values ('11',null);
Insert into KINGBARAJA.TEMP_TABLE (NUM_COL,CHAR_COL) values ('12',null);
Insert into KINGBARAJA.TEMP_TABLE (NUM_COL,CHAR_COL) values ('13',null);
Insert into KINGBARAJA.TEMP_TABLE (NUM_COL,CHAR_COL) values ('14',null);
Insert into KINGBARAJA.TEMP_TABLE (NUM_COL,CHAR_COL) values ('15',null);
Insert into KINGBARAJA.TEMP_TABLE (NUM_COL,CHAR_COL) values ('16',null);
Insert into KINGBARAJA.TEMP_TABLE (NUM_COL,CHAR_COL) values ('17',null);
Insert into KINGBARAJA.TEMP_TABLE (NUM_COL,CHAR_COL) values ('18',null);
Insert into KINGBARAJA.TEMP_TABLE (NUM_COL,CHAR_COL) values ('19',null);
Insert into KINGBARAJA.TEMP_TABLE (NUM_COL,CHAR_COL) values ('20',null);
Insert into KINGBARAJA.TEMP_TABLE (NUM_COL,CHAR_COL) values ('21',null);
Insert into KINGBARAJA.TEMP_TABLE (NUM_COL,CHAR_COL) values ('22',null);
Insert into KINGBARAJA.TEMP_TABLE (NUM_COL,CHAR_COL) values ('23',null);
Insert into KINGBARAJA.TEMP_TABLE (NUM_COL,CHAR_COL) values ('24',null);
Insert into KINGBARAJA.TEMP_TABLE (NUM_COL,CHAR_COL) values ('25',null);
Insert into KINGBARAJA.TEMP_TABLE (NUM_COL,CHAR_COL) values ('26',null);
Insert into KINGBARAJA.TEMP_TABLE (NUM_COL,CHAR_COL) values ('27',null);
Insert into KINGBARAJA.TEMP_TABLE (NUM_COL,CHAR_COL) values ('28',null);
Insert into KINGBARAJA.TEMP_TABLE (NUM_COL,CHAR_COL) values ('29',null);
Insert into KINGBARAJA.TEMP_TABLE (NUM_COL,CHAR_COL) values ('30',null);
Insert into KINGBARAJA.TEMP_TABLE (NUM_COL,CHAR_COL) values ('31',null);
Insert into KINGBARAJA.TEMP_TABLE (NUM_COL,CHAR_COL) values ('32',null);
Insert into KINGBARAJA.TEMP_TABLE (NUM_COL,CHAR_COL) values ('33',null);
Insert into KINGBARAJA.TEMP_TABLE (NUM_COL,CHAR_COL) values ('34',null);
Insert into KINGBARAJA.TEMP_TABLE (NUM_COL,CHAR_COL) values ('35',null);
Insert into KINGBARAJA.TEMP_TABLE (NUM_COL,CHAR_COL) values ('36',null);
Insert into KINGBARAJA.TEMP_TABLE (NUM_COL,CHAR_COL) values ('37',null);
Insert into KINGBARAJA.TEMP_TABLE (NUM_COL,CHAR_COL) values ('38',null);
Insert into KINGBARAJA.TEMP_TABLE (NUM_COL,CHAR_COL) values ('39',null);
Insert into KINGBARAJA.TEMP_TABLE (NUM_COL,CHAR_COL) values ('40',null);
Insert into KINGBARAJA.TEMP_TABLE (NUM_COL,CHAR_COL) values ('41',null);
Insert into KINGBARAJA.TEMP_TABLE (NUM_COL,CHAR_COL) values ('42',null);
Insert into KINGBARAJA.TEMP_TABLE (NUM_COL,CHAR_COL) values ('43',null);
Insert into KINGBARAJA.TEMP_TABLE (NUM_COL,CHAR_COL) values ('44',null);
Insert into KINGBARAJA.TEMP_TABLE (NUM_COL,CHAR_COL) values ('45',null);
Insert into KINGBARAJA.TEMP_TABLE (NUM_COL,CHAR_COL) values ('46',null);
Insert into KINGBARAJA.TEMP_TABLE (NUM_COL,CHAR_COL) values ('47',null);
Insert into KINGBARAJA.TEMP_TABLE (NUM_COL,CHAR_COL) values ('48',null);
Insert into KINGBARAJA.TEMP_TABLE (NUM_COL,CHAR_COL) values ('49',null);
Insert into KINGBARAJA.TEMP_TABLE (NUM_COL,CHAR_COL) values ('50',null);
Insert into KINGBARAJA.TEMP_TABLE (NUM_COL,CHAR_COL) values ('1',null);
Insert into KINGBARAJA.TEMP_TABLE (NUM_COL,CHAR_COL) values ('2',null);
Insert into KINGBARAJA.TEMP_TABLE (NUM_COL,CHAR_COL) values ('3',null);
Insert into KINGBARAJA.TEMP_TABLE (NUM_COL,CHAR_COL) values ('4',null);
Insert into KINGBARAJA.TEMP_TABLE (NUM_COL,CHAR_COL) values ('5',null);
Insert into KINGBARAJA.TEMP_TABLE (NUM_COL,CHAR_COL) values ('6',null);
Insert into KINGBARAJA.TEMP_TABLE (NUM_COL,CHAR_COL) values ('7',null);
Insert into KINGBARAJA.TEMP_TABLE (NUM_COL,CHAR_COL) values ('8',null);
Insert into KINGBARAJA.TEMP_TABLE (NUM_COL,CHAR_COL) values ('9',null);
Insert into KINGBARAJA.TEMP_TABLE (NUM_COL,CHAR_COL) values ('10',null);
Insert into KINGBARAJA.TEMP_TABLE (NUM_COL,CHAR_COL) values ('11',null);
Insert into KINGBARAJA.TEMP_TABLE (NUM_COL,CHAR_COL) values ('12',null);
Insert into KINGBARAJA.TEMP_TABLE (NUM_COL,CHAR_COL) values ('13',null);
Insert into KINGBARAJA.TEMP_TABLE (NUM_COL,CHAR_COL) values ('14',null);
Insert into KINGBARAJA.TEMP_TABLE (NUM_COL,CHAR_COL) values ('15',null);
Insert into KINGBARAJA.TEMP_TABLE (NUM_COL,CHAR_COL) values ('16',null);
Insert into KINGBARAJA.TEMP_TABLE (NUM_COL,CHAR_COL) values ('17',null);
Insert into KINGBARAJA.TEMP_TABLE (NUM_COL,CHAR_COL) values ('18',null);
Insert into KINGBARAJA.TEMP_TABLE (NUM_COL,CHAR_COL) values ('19',null);
Insert into KINGBARAJA.TEMP_TABLE (NUM_COL,CHAR_COL) values ('20',null);
Insert into KINGBARAJA.TEMP_TABLE (NUM_COL,CHAR_COL) values ('21',null);
Insert into KINGBARAJA.TEMP_TABLE (NUM_COL,CHAR_COL) values ('22',null);
Insert into KINGBARAJA.TEMP_TABLE (NUM_COL,CHAR_COL) values ('23',null);
Insert into KINGBARAJA.TEMP_TABLE (NUM_COL,CHAR_COL) values ('24',null);
Insert into KINGBARAJA.TEMP_TABLE (NUM_COL,CHAR_COL) values ('25',null);
Insert into KINGBARAJA.TEMP_TABLE (NUM_COL,CHAR_COL) values ('26',null);
Insert into KINGBARAJA.TEMP_TABLE (NUM_COL,CHAR_COL) values ('27',null);
Insert into KINGBARAJA.TEMP_TABLE (NUM_COL,CHAR_COL) values ('28',null);
Insert into KINGBARAJA.TEMP_TABLE (NUM_COL,CHAR_COL) values ('29',null);
Insert into KINGBARAJA.TEMP_TABLE (NUM_COL,CHAR_COL) values ('30',null);
Insert into KINGBARAJA.TEMP_TABLE (NUM_COL,CHAR_COL) values ('31',null);
Insert into KINGBARAJA.TEMP_TABLE (NUM_COL,CHAR_COL) values ('32',null);
Insert into KINGBARAJA.TEMP_TABLE (NUM_COL,CHAR_COL) values ('33',null);
Insert into KINGBARAJA.TEMP_TABLE (NUM_COL,CHAR_COL) values ('34',null);
Insert into KINGBARAJA.TEMP_TABLE (NUM_COL,CHAR_COL) values ('35',null);
Insert into KINGBARAJA.TEMP_TABLE (NUM_COL,CHAR_COL) values ('36',null);
Insert into KINGBARAJA.TEMP_TABLE (NUM_COL,CHAR_COL) values ('37',null);
Insert into KINGBARAJA.TEMP_TABLE (NUM_COL,CHAR_COL) values ('38',null);
Insert into KINGBARAJA.TEMP_TABLE (NUM_COL,CHAR_COL) values ('39',null);
Insert into KINGBARAJA.TEMP_TABLE (NUM_COL,CHAR_COL) values ('40',null);
Insert into KINGBARAJA.TEMP_TABLE (NUM_COL,CHAR_COL) values ('41',null);
Insert into KINGBARAJA.TEMP_TABLE (NUM_COL,CHAR_COL) values ('42',null);
Insert into KINGBARAJA.TEMP_TABLE (NUM_COL,CHAR_COL) values ('43',null);
Insert into KINGBARAJA.TEMP_TABLE (NUM_COL,CHAR_COL) values ('44',null);
Insert into KINGBARAJA.TEMP_TABLE (NUM_COL,CHAR_COL) values ('45',null);
Insert into KINGBARAJA.TEMP_TABLE (NUM_COL,CHAR_COL) values ('46',null);
Insert into KINGBARAJA.TEMP_TABLE (NUM_COL,CHAR_COL) values ('47',null);
Insert into KINGBARAJA.TEMP_TABLE (NUM_COL,CHAR_COL) values ('48',null);
Insert into KINGBARAJA.TEMP_TABLE (NUM_COL,CHAR_COL) values ('49',null);
Insert into KINGBARAJA.TEMP_TABLE (NUM_COL,CHAR_COL) values ('50',null);
Insert into KINGBARAJA.TEMP_TABLE (NUM_COL,CHAR_COL) values ('1',null);
Insert into KINGBARAJA.TEMP_TABLE (NUM_COL,CHAR_COL) values ('2',null);
Insert into KINGBARAJA.TEMP_TABLE (NUM_COL,CHAR_COL) values ('3',null);
Insert into KINGBARAJA.TEMP_TABLE (NUM_COL,CHAR_COL) values ('4',null);
Insert into KINGBARAJA.TEMP_TABLE (NUM_COL,CHAR_COL) values ('5',null);
Insert into KINGBARAJA.TEMP_TABLE (NUM_COL,CHAR_COL) values ('6',null);
Insert into KINGBARAJA.TEMP_TABLE (NUM_COL,CHAR_COL) values ('7',null);
Insert into KINGBARAJA.TEMP_TABLE (NUM_COL,CHAR_COL) values ('8',null);
Insert into KINGBARAJA.TEMP_TABLE (NUM_COL,CHAR_COL) values ('9',null);
Insert into KINGBARAJA.TEMP_TABLE (NUM_COL,CHAR_COL) values ('10',null);
Insert into KINGBARAJA.TEMP_TABLE (NUM_COL,CHAR_COL) values ('11',null);
Insert into KINGBARAJA.TEMP_TABLE (NUM_COL,CHAR_COL) values ('12',null);
Insert into KINGBARAJA.TEMP_TABLE (NUM_COL,CHAR_COL) values ('13',null);
Insert into KINGBARAJA.TEMP_TABLE (NUM_COL,CHAR_COL) values ('14',null);
Insert into KINGBARAJA.TEMP_TABLE (NUM_COL,CHAR_COL) values ('15',null);
Insert into KINGBARAJA.TEMP_TABLE (NUM_COL,CHAR_COL) values ('16',null);
Insert into KINGBARAJA.TEMP_TABLE (NUM_COL,CHAR_COL) values ('17',null);
Insert into KINGBARAJA.TEMP_TABLE (NUM_COL,CHAR_COL) values ('18',null);
Insert into KINGBARAJA.TEMP_TABLE (NUM_COL,CHAR_COL) values ('19',null);
Insert into KINGBARAJA.TEMP_TABLE (NUM_COL,CHAR_COL) values ('20',null);
Insert into KINGBARAJA.TEMP_TABLE (NUM_COL,CHAR_COL) values ('21',null);
Insert into KINGBARAJA.TEMP_TABLE (NUM_COL,CHAR_COL) values ('22',null);
Insert into KINGBARAJA.TEMP_TABLE (NUM_COL,CHAR_COL) values ('23',null);
Insert into KINGBARAJA.TEMP_TABLE (NUM_COL,CHAR_COL) values ('24',null);
Insert into KINGBARAJA.TEMP_TABLE (NUM_COL,CHAR_COL) values ('25',null);
Insert into KINGBARAJA.TEMP_TABLE (NUM_COL,CHAR_COL) values ('26',null);
Insert into KINGBARAJA.TEMP_TABLE (NUM_COL,CHAR_COL) values ('27',null);
Insert into KINGBARAJA.TEMP_TABLE (NUM_COL,CHAR_COL) values ('28',null);
Insert into KINGBARAJA.TEMP_TABLE (NUM_COL,CHAR_COL) values ('29',null);
Insert into KINGBARAJA.TEMP_TABLE (NUM_COL,CHAR_COL) values ('30',null);
Insert into KINGBARAJA.TEMP_TABLE (NUM_COL,CHAR_COL) values ('31',null);
Insert into KINGBARAJA.TEMP_TABLE (NUM_COL,CHAR_COL) values ('32',null);
Insert into KINGBARAJA.TEMP_TABLE (NUM_COL,CHAR_COL) values ('33',null);
Insert into KINGBARAJA.TEMP_TABLE (NUM_COL,CHAR_COL) values ('34',null);
Insert into KINGBARAJA.TEMP_TABLE (NUM_COL,CHAR_COL) values ('35',null);
Insert into KINGBARAJA.TEMP_TABLE (NUM_COL,CHAR_COL) values ('36',null);
Insert into KINGBARAJA.TEMP_TABLE (NUM_COL,CHAR_COL) values ('37',null);
Insert into KINGBARAJA.TEMP_TABLE (NUM_COL,CHAR_COL) values ('38',null);
Insert into KINGBARAJA.TEMP_TABLE (NUM_COL,CHAR_COL) values ('39',null);
Insert into KINGBARAJA.TEMP_TABLE (NUM_COL,CHAR_COL) values ('40',null);
Insert into KINGBARAJA.TEMP_TABLE (NUM_COL,CHAR_COL) values ('41',null);
Insert into KINGBARAJA.TEMP_TABLE (NUM_COL,CHAR_COL) values ('42',null);
Insert into KINGBARAJA.TEMP_TABLE (NUM_COL,CHAR_COL) values ('43',null);
Insert into KINGBARAJA.TEMP_TABLE (NUM_COL,CHAR_COL) values ('44',null);
Insert into KINGBARAJA.TEMP_TABLE (NUM_COL,CHAR_COL) values ('45',null);
Insert into KINGBARAJA.TEMP_TABLE (NUM_COL,CHAR_COL) values ('46',null);
Insert into KINGBARAJA.TEMP_TABLE (NUM_COL,CHAR_COL) values ('47',null);
Insert into KINGBARAJA.TEMP_TABLE (NUM_COL,CHAR_COL) values ('48',null);
Insert into KINGBARAJA.TEMP_TABLE (NUM_COL,CHAR_COL) values ('49',null);
Insert into KINGBARAJA.TEMP_TABLE (NUM_COL,CHAR_COL) values ('50',null);
Insert into KINGBARAJA.TEMP_TABLE (NUM_COL,CHAR_COL) values ('1',null);
Insert into KINGBARAJA.TEMP_TABLE (NUM_COL,CHAR_COL) values ('2',null);
Insert into KINGBARAJA.TEMP_TABLE (NUM_COL,CHAR_COL) values ('3',null);
Insert into KINGBARAJA.TEMP_TABLE (NUM_COL,CHAR_COL) values ('4',null);
Insert into KINGBARAJA.TEMP_TABLE (NUM_COL,CHAR_COL) values ('5',null);
Insert into KINGBARAJA.TEMP_TABLE (NUM_COL,CHAR_COL) values ('6',null);
Insert into KINGBARAJA.TEMP_TABLE (NUM_COL,CHAR_COL) values ('7',null);
Insert into KINGBARAJA.TEMP_TABLE (NUM_COL,CHAR_COL) values ('8',null);
Insert into KINGBARAJA.TEMP_TABLE (NUM_COL,CHAR_COL) values ('9',null);
Insert into KINGBARAJA.TEMP_TABLE (NUM_COL,CHAR_COL) values ('10',null);
Insert into KINGBARAJA.TEMP_TABLE (NUM_COL,CHAR_COL) values ('11',null);
Insert into KINGBARAJA.TEMP_TABLE (NUM_COL,CHAR_COL) values ('12',null);
Insert into KINGBARAJA.TEMP_TABLE (NUM_COL,CHAR_COL) values ('13',null);
Insert into KINGBARAJA.TEMP_TABLE (NUM_COL,CHAR_COL) values ('14',null);
Insert into KINGBARAJA.TEMP_TABLE (NUM_COL,CHAR_COL) values ('15',null);
Insert into KINGBARAJA.TEMP_TABLE (NUM_COL,CHAR_COL) values ('16',null);
Insert into KINGBARAJA.TEMP_TABLE (NUM_COL,CHAR_COL) values ('17',null);
Insert into KINGBARAJA.TEMP_TABLE (NUM_COL,CHAR_COL) values ('18',null);
Insert into KINGBARAJA.TEMP_TABLE (NUM_COL,CHAR_COL) values ('19',null);
Insert into KINGBARAJA.TEMP_TABLE (NUM_COL,CHAR_COL) values ('20',null);
Insert into KINGBARAJA.TEMP_TABLE (NUM_COL,CHAR_COL) values ('21',null);
Insert into KINGBARAJA.TEMP_TABLE (NUM_COL,CHAR_COL) values ('22',null);
Insert into KINGBARAJA.TEMP_TABLE (NUM_COL,CHAR_COL) values ('23',null);
Insert into KINGBARAJA.TEMP_TABLE (NUM_COL,CHAR_COL) values ('24',null);
Insert into KINGBARAJA.TEMP_TABLE (NUM_COL,CHAR_COL) values ('25',null);
Insert into KINGBARAJA.TEMP_TABLE (NUM_COL,CHAR_COL) values ('26',null);
Insert into KINGBARAJA.TEMP_TABLE (NUM_COL,CHAR_COL) values ('27',null);
Insert into KINGBARAJA.TEMP_TABLE (NUM_COL,CHAR_COL) values ('28',null);
Insert into KINGBARAJA.TEMP_TABLE (NUM_COL,CHAR_COL) values ('29',null);
Insert into KINGBARAJA.TEMP_TABLE (NUM_COL,CHAR_COL) values ('30',null);
Insert into KINGBARAJA.TEMP_TABLE (NUM_COL,CHAR_COL) values ('31',null);
Insert into KINGBARAJA.TEMP_TABLE (NUM_COL,CHAR_COL) values ('32',null);
Insert into KINGBARAJA.TEMP_TABLE (NUM_COL,CHAR_COL) values ('33',null);
Insert into KINGBARAJA.TEMP_TABLE (NUM_COL,CHAR_COL) values ('34',null);
Insert into KINGBARAJA.TEMP_TABLE (NUM_COL,CHAR_COL) values ('35',null);
Insert into KINGBARAJA.TEMP_TABLE (NUM_COL,CHAR_COL) values ('36',null);
Insert into KINGBARAJA.TEMP_TABLE (NUM_COL,CHAR_COL) values ('37',null);
Insert into KINGBARAJA.TEMP_TABLE (NUM_COL,CHAR_COL) values ('38',null);
Insert into KINGBARAJA.TEMP_TABLE (NUM_COL,CHAR_COL) values ('39',null);
Insert into KINGBARAJA.TEMP_TABLE (NUM_COL,CHAR_COL) values ('40',null);
Insert into KINGBARAJA.TEMP_TABLE (NUM_COL,CHAR_COL) values ('41',null);
Insert into KINGBARAJA.TEMP_TABLE (NUM_COL,CHAR_COL) values ('42',null);
Insert into KINGBARAJA.TEMP_TABLE (NUM_COL,CHAR_COL) values ('43',null);
Insert into KINGBARAJA.TEMP_TABLE (NUM_COL,CHAR_COL) values ('44',null);
Insert into KINGBARAJA.TEMP_TABLE (NUM_COL,CHAR_COL) values ('45',null);
Insert into KINGBARAJA.TEMP_TABLE (NUM_COL,CHAR_COL) values ('46',null);
Insert into KINGBARAJA.TEMP_TABLE (NUM_COL,CHAR_COL) values ('47',null);
Insert into KINGBARAJA.TEMP_TABLE (NUM_COL,CHAR_COL) values ('48',null);
Insert into KINGBARAJA.TEMP_TABLE (NUM_COL,CHAR_COL) values ('49',null);
Insert into KINGBARAJA.TEMP_TABLE (NUM_COL,CHAR_COL) values ('50',null);
Insert into KINGBARAJA.TEMP_TABLE (NUM_COL,CHAR_COL) values ('1',null);
Insert into KINGBARAJA.TEMP_TABLE (NUM_COL,CHAR_COL) values ('2',null);
Insert into KINGBARAJA.TEMP_TABLE (NUM_COL,CHAR_COL) values ('3',null);
Insert into KINGBARAJA.TEMP_TABLE (NUM_COL,CHAR_COL) values ('4',null);
Insert into KINGBARAJA.TEMP_TABLE (NUM_COL,CHAR_COL) values ('5',null);
Insert into KINGBARAJA.TEMP_TABLE (NUM_COL,CHAR_COL) values ('6',null);
Insert into KINGBARAJA.TEMP_TABLE (NUM_COL,CHAR_COL) values ('7',null);
Insert into KINGBARAJA.TEMP_TABLE (NUM_COL,CHAR_COL) values ('8',null);
Insert into KINGBARAJA.TEMP_TABLE (NUM_COL,CHAR_COL) values ('9',null);
Insert into KINGBARAJA.TEMP_TABLE (NUM_COL,CHAR_COL) values ('10',null);
Insert into KINGBARAJA.TEMP_TABLE (NUM_COL,CHAR_COL) values ('11',null);
Insert into KINGBARAJA.TEMP_TABLE (NUM_COL,CHAR_COL) values ('12',null);
Insert into KINGBARAJA.TEMP_TABLE (NUM_COL,CHAR_COL) values ('13',null);
Insert into KINGBARAJA.TEMP_TABLE (NUM_COL,CHAR_COL) values ('14',null);
Insert into KINGBARAJA.TEMP_TABLE (NUM_COL,CHAR_COL) values ('15',null);
Insert into KINGBARAJA.TEMP_TABLE (NUM_COL,CHAR_COL) values ('16',null);
Insert into KINGBARAJA.TEMP_TABLE (NUM_COL,CHAR_COL) values ('17',null);
Insert into KINGBARAJA.TEMP_TABLE (NUM_COL,CHAR_COL) values ('18',null);
Insert into KINGBARAJA.TEMP_TABLE (NUM_COL,CHAR_COL) values ('19',null);
Insert into KINGBARAJA.TEMP_TABLE (NUM_COL,CHAR_COL) values ('20',null);
Insert into KINGBARAJA.TEMP_TABLE (NUM_COL,CHAR_COL) values ('21',null);
Insert into KINGBARAJA.TEMP_TABLE (NUM_COL,CHAR_COL) values ('22',null);
Insert into KINGBARAJA.TEMP_TABLE (NUM_COL,CHAR_COL) values ('23',null);
Insert into KINGBARAJA.TEMP_TABLE (NUM_COL,CHAR_COL) values ('24',null);
Insert into KINGBARAJA.TEMP_TABLE (NUM_COL,CHAR_COL) values ('25',null);
Insert into KINGBARAJA.TEMP_TABLE (NUM_COL,CHAR_COL) values ('26',null);
Insert into KINGBARAJA.TEMP_TABLE (NUM_COL,CHAR_COL) values ('27',null);
Insert into KINGBARAJA.TEMP_TABLE (NUM_COL,CHAR_COL) values ('28',null);
Insert into KINGBARAJA.TEMP_TABLE (NUM_COL,CHAR_COL) values ('29',null);
Insert into KINGBARAJA.TEMP_TABLE (NUM_COL,CHAR_COL) values ('30',null);
Insert into KINGBARAJA.TEMP_TABLE (NUM_COL,CHAR_COL) values ('31',null);
Insert into KINGBARAJA.TEMP_TABLE (NUM_COL,CHAR_COL) values ('32',null);
Insert into KINGBARAJA.TEMP_TABLE (NUM_COL,CHAR_COL) values ('33',null);
Insert into KINGBARAJA.TEMP_TABLE (NUM_COL,CHAR_COL) values ('34',null);
Insert into KINGBARAJA.TEMP_TABLE (NUM_COL,CHAR_COL) values ('35',null);
Insert into KINGBARAJA.TEMP_TABLE (NUM_COL,CHAR_COL) values ('36',null);
Insert into KINGBARAJA.TEMP_TABLE (NUM_COL,CHAR_COL) values ('37',null);
Insert into KINGBARAJA.TEMP_TABLE (NUM_COL,CHAR_COL) values ('38',null);
Insert into KINGBARAJA.TEMP_TABLE (NUM_COL,CHAR_COL) values ('39',null);
Insert into KINGBARAJA.TEMP_TABLE (NUM_COL,CHAR_COL) values ('40',null);
Insert into KINGBARAJA.TEMP_TABLE (NUM_COL,CHAR_COL) values ('41',null);
Insert into KINGBARAJA.TEMP_TABLE (NUM_COL,CHAR_COL) values ('42',null);
Insert into KINGBARAJA.TEMP_TABLE (NUM_COL,CHAR_COL) values ('43',null);
Insert into KINGBARAJA.TEMP_TABLE (NUM_COL,CHAR_COL) values ('44',null);
Insert into KINGBARAJA.TEMP_TABLE (NUM_COL,CHAR_COL) values ('45',null);
Insert into KINGBARAJA.TEMP_TABLE (NUM_COL,CHAR_COL) values ('46',null);
Insert into KINGBARAJA.TEMP_TABLE (NUM_COL,CHAR_COL) values ('47',null);
Insert into KINGBARAJA.TEMP_TABLE (NUM_COL,CHAR_COL) values ('48',null);
Insert into KINGBARAJA.TEMP_TABLE (NUM_COL,CHAR_COL) values ('49',null);
Insert into KINGBARAJA.TEMP_TABLE (NUM_COL,CHAR_COL) values ('50',null);
Insert into KINGBARAJA.TEMP_TABLE (NUM_COL,CHAR_COL) values ('1',null);
Insert into KINGBARAJA.TEMP_TABLE (NUM_COL,CHAR_COL) values ('2',null);
Insert into KINGBARAJA.TEMP_TABLE (NUM_COL,CHAR_COL) values ('3',null);
Insert into KINGBARAJA.TEMP_TABLE (NUM_COL,CHAR_COL) values ('4',null);
Insert into KINGBARAJA.TEMP_TABLE (NUM_COL,CHAR_COL) values ('5',null);
Insert into KINGBARAJA.TEMP_TABLE (NUM_COL,CHAR_COL) values ('6',null);
Insert into KINGBARAJA.TEMP_TABLE (NUM_COL,CHAR_COL) values ('7',null);
Insert into KINGBARAJA.TEMP_TABLE (NUM_COL,CHAR_COL) values ('8',null);
Insert into KINGBARAJA.TEMP_TABLE (NUM_COL,CHAR_COL) values ('9',null);
Insert into KINGBARAJA.TEMP_TABLE (NUM_COL,CHAR_COL) values ('10',null);
Insert into KINGBARAJA.TEMP_TABLE (NUM_COL,CHAR_COL) values ('11',null);
Insert into KINGBARAJA.TEMP_TABLE (NUM_COL,CHAR_COL) values ('12',null);
Insert into KINGBARAJA.TEMP_TABLE (NUM_COL,CHAR_COL) values ('13',null);
Insert into KINGBARAJA.TEMP_TABLE (NUM_COL,CHAR_COL) values ('14',null);
Insert into KINGBARAJA.TEMP_TABLE (NUM_COL,CHAR_COL) values ('15',null);
Insert into KINGBARAJA.TEMP_TABLE (NUM_COL,CHAR_COL) values ('16',null);
Insert into KINGBARAJA.TEMP_TABLE (NUM_COL,CHAR_COL) values ('17',null);
Insert into KINGBARAJA.TEMP_TABLE (NUM_COL,CHAR_COL) values ('18',null);
Insert into KINGBARAJA.TEMP_TABLE (NUM_COL,CHAR_COL) values ('19',null);
Insert into KINGBARAJA.TEMP_TABLE (NUM_COL,CHAR_COL) values ('20',null);
Insert into KINGBARAJA.TEMP_TABLE (NUM_COL,CHAR_COL) values ('21',null);
Insert into KINGBARAJA.TEMP_TABLE (NUM_COL,CHAR_COL) values ('22',null);
Insert into KINGBARAJA.TEMP_TABLE (NUM_COL,CHAR_COL) values ('23',null);
Insert into KINGBARAJA.TEMP_TABLE (NUM_COL,CHAR_COL) values ('24',null);
Insert into KINGBARAJA.TEMP_TABLE (NUM_COL,CHAR_COL) values ('25',null);
Insert into KINGBARAJA.TEMP_TABLE (NUM_COL,CHAR_COL) values ('26',null);
Insert into KINGBARAJA.TEMP_TABLE (NUM_COL,CHAR_COL) values ('27',null);
Insert into KINGBARAJA.TEMP_TABLE (NUM_COL,CHAR_COL) values ('28',null);
Insert into KINGBARAJA.TEMP_TABLE (NUM_COL,CHAR_COL) values ('29',null);
Insert into KINGBARAJA.TEMP_TABLE (NUM_COL,CHAR_COL) values ('30',null);
Insert into KINGBARAJA.TEMP_TABLE (NUM_COL,CHAR_COL) values ('31',null);
Insert into KINGBARAJA.TEMP_TABLE (NUM_COL,CHAR_COL) values ('32',null);
Insert into KINGBARAJA.TEMP_TABLE (NUM_COL,CHAR_COL) values ('33',null);
Insert into KINGBARAJA.TEMP_TABLE (NUM_COL,CHAR_COL) values ('34',null);
Insert into KINGBARAJA.TEMP_TABLE (NUM_COL,CHAR_COL) values ('35',null);
Insert into KINGBARAJA.TEMP_TABLE (NUM_COL,CHAR_COL) values ('36',null);
Insert into KINGBARAJA.TEMP_TABLE (NUM_COL,CHAR_COL) values ('37',null);
Insert into KINGBARAJA.TEMP_TABLE (NUM_COL,CHAR_COL) values ('38',null);
Insert into KINGBARAJA.TEMP_TABLE (NUM_COL,CHAR_COL) values ('39',null);
Insert into KINGBARAJA.TEMP_TABLE (NUM_COL,CHAR_COL) values ('40',null);
Insert into KINGBARAJA.TEMP_TABLE (NUM_COL,CHAR_COL) values ('41',null);
Insert into KINGBARAJA.TEMP_TABLE (NUM_COL,CHAR_COL) values ('42',null);
Insert into KINGBARAJA.TEMP_TABLE (NUM_COL,CHAR_COL) values ('43',null);
Insert into KINGBARAJA.TEMP_TABLE (NUM_COL,CHAR_COL) values ('44',null);
Insert into KINGBARAJA.TEMP_TABLE (NUM_COL,CHAR_COL) values ('45',null);
Insert into KINGBARAJA.TEMP_TABLE (NUM_COL,CHAR_COL) values ('46',null);
Insert into KINGBARAJA.TEMP_TABLE (NUM_COL,CHAR_COL) values ('47',null);
Insert into KINGBARAJA.TEMP_TABLE (NUM_COL,CHAR_COL) values ('48',null);
Insert into KINGBARAJA.TEMP_TABLE (NUM_COL,CHAR_COL) values ('49',null);
Insert into KINGBARAJA.TEMP_TABLE (NUM_COL,CHAR_COL) values ('50',null);
Insert into KINGBARAJA.TEMP_TABLE (NUM_COL,CHAR_COL) values ('1',null);
Insert into KINGBARAJA.TEMP_TABLE (NUM_COL,CHAR_COL) values ('2',null);
Insert into KINGBARAJA.TEMP_TABLE (NUM_COL,CHAR_COL) values ('3',null);
Insert into KINGBARAJA.TEMP_TABLE (NUM_COL,CHAR_COL) values ('4',null);
Insert into KINGBARAJA.TEMP_TABLE (NUM_COL,CHAR_COL) values ('5',null);
Insert into KINGBARAJA.TEMP_TABLE (NUM_COL,CHAR_COL) values ('6',null);
Insert into KINGBARAJA.TEMP_TABLE (NUM_COL,CHAR_COL) values ('7',null);
Insert into KINGBARAJA.TEMP_TABLE (NUM_COL,CHAR_COL) values ('8',null);
Insert into KINGBARAJA.TEMP_TABLE (NUM_COL,CHAR_COL) values ('9',null);
Insert into KINGBARAJA.TEMP_TABLE (NUM_COL,CHAR_COL) values ('10',null);
Insert into KINGBARAJA.TEMP_TABLE (NUM_COL,CHAR_COL) values ('11',null);
Insert into KINGBARAJA.TEMP_TABLE (NUM_COL,CHAR_COL) values ('12',null);
Insert into KINGBARAJA.TEMP_TABLE (NUM_COL,CHAR_COL) values ('13',null);
Insert into KINGBARAJA.TEMP_TABLE (NUM_COL,CHAR_COL) values ('14',null);
Insert into KINGBARAJA.TEMP_TABLE (NUM_COL,CHAR_COL) values ('15',null);
Insert into KINGBARAJA.TEMP_TABLE (NUM_COL,CHAR_COL) values ('16',null);
Insert into KINGBARAJA.TEMP_TABLE (NUM_COL,CHAR_COL) values ('17',null);
Insert into KINGBARAJA.TEMP_TABLE (NUM_COL,CHAR_COL) values ('18',null);
Insert into KINGBARAJA.TEMP_TABLE (NUM_COL,CHAR_COL) values ('19',null);
Insert into KINGBARAJA.TEMP_TABLE (NUM_COL,CHAR_COL) values ('20',null);
Insert into KINGBARAJA.TEMP_TABLE (NUM_COL,CHAR_COL) values ('21',null);
Insert into KINGBARAJA.TEMP_TABLE (NUM_COL,CHAR_COL) values ('22',null);
Insert into KINGBARAJA.TEMP_TABLE (NUM_COL,CHAR_COL) values ('23',null);
Insert into KINGBARAJA.TEMP_TABLE (NUM_COL,CHAR_COL) values ('24',null);
Insert into KINGBARAJA.TEMP_TABLE (NUM_COL,CHAR_COL) values ('25',null);
Insert into KINGBARAJA.TEMP_TABLE (NUM_COL,CHAR_COL) values ('26',null);
Insert into KINGBARAJA.TEMP_TABLE (NUM_COL,CHAR_COL) values ('27',null);
Insert into KINGBARAJA.TEMP_TABLE (NUM_COL,CHAR_COL) values ('28',null);
Insert into KINGBARAJA.TEMP_TABLE (NUM_COL,CHAR_COL) values ('29',null);
Insert into KINGBARAJA.TEMP_TABLE (NUM_COL,CHAR_COL) values ('30',null);
Insert into KINGBARAJA.TEMP_TABLE (NUM_COL,CHAR_COL) values ('31',null);
Insert into KINGBARAJA.TEMP_TABLE (NUM_COL,CHAR_COL) values ('32',null);
Insert into KINGBARAJA.TEMP_TABLE (NUM_COL,CHAR_COL) values ('33',null);
Insert into KINGBARAJA.TEMP_TABLE (NUM_COL,CHAR_COL) values ('34',null);
Insert into KINGBARAJA.TEMP_TABLE (NUM_COL,CHAR_COL) values ('35',null);
Insert into KINGBARAJA.TEMP_TABLE (NUM_COL,CHAR_COL) values ('36',null);
Insert into KINGBARAJA.TEMP_TABLE (NUM_COL,CHAR_COL) values ('37',null);
Insert into KINGBARAJA.TEMP_TABLE (NUM_COL,CHAR_COL) values ('38',null);
Insert into KINGBARAJA.TEMP_TABLE (NUM_COL,CHAR_COL) values ('39',null);
Insert into KINGBARAJA.TEMP_TABLE (NUM_COL,CHAR_COL) values ('40',null);
Insert into KINGBARAJA.TEMP_TABLE (NUM_COL,CHAR_COL) values ('41',null);
Insert into KINGBARAJA.TEMP_TABLE (NUM_COL,CHAR_COL) values ('42',null);
Insert into KINGBARAJA.TEMP_TABLE (NUM_COL,CHAR_COL) values ('43',null);
Insert into KINGBARAJA.TEMP_TABLE (NUM_COL,CHAR_COL) values ('44',null);
Insert into KINGBARAJA.TEMP_TABLE (NUM_COL,CHAR_COL) values ('45',null);
Insert into KINGBARAJA.TEMP_TABLE (NUM_COL,CHAR_COL) values ('46',null);
Insert into KINGBARAJA.TEMP_TABLE (NUM_COL,CHAR_COL) values ('47',null);
Insert into KINGBARAJA.TEMP_TABLE (NUM_COL,CHAR_COL) values ('48',null);
Insert into KINGBARAJA.TEMP_TABLE (NUM_COL,CHAR_COL) values ('49',null);
Insert into KINGBARAJA.TEMP_TABLE (NUM_COL,CHAR_COL) values ('50',null);
Insert into KINGBARAJA.TEMP_TABLE (NUM_COL,CHAR_COL) values ('1',null);
Insert into KINGBARAJA.TEMP_TABLE (NUM_COL,CHAR_COL) values ('2',null);
Insert into KINGBARAJA.TEMP_TABLE (NUM_COL,CHAR_COL) values ('3',null);
Insert into KINGBARAJA.TEMP_TABLE (NUM_COL,CHAR_COL) values ('4',null);
Insert into KINGBARAJA.TEMP_TABLE (NUM_COL,CHAR_COL) values ('5',null);
Insert into KINGBARAJA.TEMP_TABLE (NUM_COL,CHAR_COL) values ('6',null);
Insert into KINGBARAJA.TEMP_TABLE (NUM_COL,CHAR_COL) values ('7',null);
Insert into KINGBARAJA.TEMP_TABLE (NUM_COL,CHAR_COL) values ('8',null);
Insert into KINGBARAJA.TEMP_TABLE (NUM_COL,CHAR_COL) values ('9',null);
Insert into KINGBARAJA.TEMP_TABLE (NUM_COL,CHAR_COL) values ('10',null);
Insert into KINGBARAJA.TEMP_TABLE (NUM_COL,CHAR_COL) values ('11',null);
Insert into KINGBARAJA.TEMP_TABLE (NUM_COL,CHAR_COL) values ('12',null);
Insert into KINGBARAJA.TEMP_TABLE (NUM_COL,CHAR_COL) values ('13',null);
Insert into KINGBARAJA.TEMP_TABLE (NUM_COL,CHAR_COL) values ('14',null);
Insert into KINGBARAJA.TEMP_TABLE (NUM_COL,CHAR_COL) values ('15',null);
Insert into KINGBARAJA.TEMP_TABLE (NUM_COL,CHAR_COL) values ('16',null);
Insert into KINGBARAJA.TEMP_TABLE (NUM_COL,CHAR_COL) values ('17',null);
Insert into KINGBARAJA.TEMP_TABLE (NUM_COL,CHAR_COL) values ('18',null);
Insert into KINGBARAJA.TEMP_TABLE (NUM_COL,CHAR_COL) values ('19',null);
Insert into KINGBARAJA.TEMP_TABLE (NUM_COL,CHAR_COL) values ('20',null);
Insert into KINGBARAJA.TEMP_TABLE (NUM_COL,CHAR_COL) values ('21',null);
Insert into KINGBARAJA.TEMP_TABLE (NUM_COL,CHAR_COL) values ('22',null);
Insert into KINGBARAJA.TEMP_TABLE (NUM_COL,CHAR_COL) values ('23',null);
Insert into KINGBARAJA.TEMP_TABLE (NUM_COL,CHAR_COL) values ('24',null);
Insert into KINGBARAJA.TEMP_TABLE (NUM_COL,CHAR_COL) values ('25',null);
Insert into KINGBARAJA.TEMP_TABLE (NUM_COL,CHAR_COL) values ('26',null);
Insert into KINGBARAJA.TEMP_TABLE (NUM_COL,CHAR_COL) values ('27',null);
Insert into KINGBARAJA.TEMP_TABLE (NUM_COL,CHAR_COL) values ('28',null);
Insert into KINGBARAJA.TEMP_TABLE (NUM_COL,CHAR_COL) values ('29',null);
Insert into KINGBARAJA.TEMP_TABLE (NUM_COL,CHAR_COL) values ('30',null);
Insert into KINGBARAJA.TEMP_TABLE (NUM_COL,CHAR_COL) values ('31',null);
Insert into KINGBARAJA.TEMP_TABLE (NUM_COL,CHAR_COL) values ('32',null);
Insert into KINGBARAJA.TEMP_TABLE (NUM_COL,CHAR_COL) values ('33',null);
Insert into KINGBARAJA.TEMP_TABLE (NUM_COL,CHAR_COL) values ('34',null);
Insert into KINGBARAJA.TEMP_TABLE (NUM_COL,CHAR_COL) values ('35',null);
Insert into KINGBARAJA.TEMP_TABLE (NUM_COL,CHAR_COL) values ('36',null);
Insert into KINGBARAJA.TEMP_TABLE (NUM_COL,CHAR_COL) values ('37',null);
Insert into KINGBARAJA.TEMP_TABLE (NUM_COL,CHAR_COL) values ('38',null);
Insert into KINGBARAJA.TEMP_TABLE (NUM_COL,CHAR_COL) values ('39',null);
Insert into KINGBARAJA.TEMP_TABLE (NUM_COL,CHAR_COL) values ('40',null);
Insert into KINGBARAJA.TEMP_TABLE (NUM_COL,CHAR_COL) values ('41',null);
Insert into KINGBARAJA.TEMP_TABLE (NUM_COL,CHAR_COL) values ('42',null);
Insert into KINGBARAJA.TEMP_TABLE (NUM_COL,CHAR_COL) values ('43',null);
Insert into KINGBARAJA.TEMP_TABLE (NUM_COL,CHAR_COL) values ('44',null);
Insert into KINGBARAJA.TEMP_TABLE (NUM_COL,CHAR_COL) values ('45',null);
Insert into KINGBARAJA.TEMP_TABLE (NUM_COL,CHAR_COL) values ('46',null);
Insert into KINGBARAJA.TEMP_TABLE (NUM_COL,CHAR_COL) values ('47',null);
Insert into KINGBARAJA.TEMP_TABLE (NUM_COL,CHAR_COL) values ('48',null);
Insert into KINGBARAJA.TEMP_TABLE (NUM_COL,CHAR_COL) values ('49',null);
Insert into KINGBARAJA.TEMP_TABLE (NUM_COL,CHAR_COL) values ('50',null);
Insert into KINGBARAJA.TEMP_TABLE (NUM_COL,CHAR_COL) values ('1',null);
Insert into KINGBARAJA.TEMP_TABLE (NUM_COL,CHAR_COL) values ('2',null);
Insert into KINGBARAJA.TEMP_TABLE (NUM_COL,CHAR_COL) values ('3',null);
Insert into KINGBARAJA.TEMP_TABLE (NUM_COL,CHAR_COL) values ('4',null);
Insert into KINGBARAJA.TEMP_TABLE (NUM_COL,CHAR_COL) values ('5',null);
Insert into KINGBARAJA.TEMP_TABLE (NUM_COL,CHAR_COL) values ('6',null);
Insert into KINGBARAJA.TEMP_TABLE (NUM_COL,CHAR_COL) values ('7',null);
Insert into KINGBARAJA.TEMP_TABLE (NUM_COL,CHAR_COL) values ('8',null);
Insert into KINGBARAJA.TEMP_TABLE (NUM_COL,CHAR_COL) values ('9',null);
Insert into KINGBARAJA.TEMP_TABLE (NUM_COL,CHAR_COL) values ('10',null);
Insert into KINGBARAJA.TEMP_TABLE (NUM_COL,CHAR_COL) values ('11',null);
Insert into KINGBARAJA.TEMP_TABLE (NUM_COL,CHAR_COL) values ('12',null);
Insert into KINGBARAJA.TEMP_TABLE (NUM_COL,CHAR_COL) values ('13',null);
Insert into KINGBARAJA.TEMP_TABLE (NUM_COL,CHAR_COL) values ('14',null);
Insert into KINGBARAJA.TEMP_TABLE (NUM_COL,CHAR_COL) values ('15',null);
Insert into KINGBARAJA.TEMP_TABLE (NUM_COL,CHAR_COL) values ('16',null);
Insert into KINGBARAJA.TEMP_TABLE (NUM_COL,CHAR_COL) values ('17',null);
Insert into KINGBARAJA.TEMP_TABLE (NUM_COL,CHAR_COL) values ('18',null);
Insert into KINGBARAJA.TEMP_TABLE (NUM_COL,CHAR_COL) values ('19',null);
Insert into KINGBARAJA.TEMP_TABLE (NUM_COL,CHAR_COL) values ('20',null);
Insert into KINGBARAJA.TEMP_TABLE (NUM_COL,CHAR_COL) values ('21',null);
Insert into KINGBARAJA.TEMP_TABLE (NUM_COL,CHAR_COL) values ('22',null);
Insert into KINGBARAJA.TEMP_TABLE (NUM_COL,CHAR_COL) values ('23',null);
Insert into KINGBARAJA.TEMP_TABLE (NUM_COL,CHAR_COL) values ('24',null);
Insert into KINGBARAJA.TEMP_TABLE (NUM_COL,CHAR_COL) values ('25',null);
Insert into KINGBARAJA.TEMP_TABLE (NUM_COL,CHAR_COL) values ('26',null);
Insert into KINGBARAJA.TEMP_TABLE (NUM_COL,CHAR_COL) values ('27',null);
Insert into KINGBARAJA.TEMP_TABLE (NUM_COL,CHAR_COL) values ('28',null);
Insert into KINGBARAJA.TEMP_TABLE (NUM_COL,CHAR_COL) values ('29',null);
Insert into KINGBARAJA.TEMP_TABLE (NUM_COL,CHAR_COL) values ('30',null);
Insert into KINGBARAJA.TEMP_TABLE (NUM_COL,CHAR_COL) values ('31',null);
Insert into KINGBARAJA.TEMP_TABLE (NUM_COL,CHAR_COL) values ('32',null);
Insert into KINGBARAJA.TEMP_TABLE (NUM_COL,CHAR_COL) values ('33',null);
Insert into KINGBARAJA.TEMP_TABLE (NUM_COL,CHAR_COL) values ('34',null);
Insert into KINGBARAJA.TEMP_TABLE (NUM_COL,CHAR_COL) values ('35',null);
Insert into KINGBARAJA.TEMP_TABLE (NUM_COL,CHAR_COL) values ('36',null);
Insert into KINGBARAJA.TEMP_TABLE (NUM_COL,CHAR_COL) values ('37',null);
Insert into KINGBARAJA.TEMP_TABLE (NUM_COL,CHAR_COL) values ('38',null);
Insert into KINGBARAJA.TEMP_TABLE (NUM_COL,CHAR_COL) values ('39',null);
Insert into KINGBARAJA.TEMP_TABLE (NUM_COL,CHAR_COL) values ('40',null);
Insert into KINGBARAJA.TEMP_TABLE (NUM_COL,CHAR_COL) values ('41',null);
Insert into KINGBARAJA.TEMP_TABLE (NUM_COL,CHAR_COL) values ('42',null);
Insert into KINGBARAJA.TEMP_TABLE (NUM_COL,CHAR_COL) values ('43',null);
Insert into KINGBARAJA.TEMP_TABLE (NUM_COL,CHAR_COL) values ('44',null);
Insert into KINGBARAJA.TEMP_TABLE (NUM_COL,CHAR_COL) values ('45',null);
Insert into KINGBARAJA.TEMP_TABLE (NUM_COL,CHAR_COL) values ('46',null);
Insert into KINGBARAJA.TEMP_TABLE (NUM_COL,CHAR_COL) values ('47',null);
Insert into KINGBARAJA.TEMP_TABLE (NUM_COL,CHAR_COL) values ('48',null);
Insert into KINGBARAJA.TEMP_TABLE (NUM_COL,CHAR_COL) values ('49',null);
Insert into KINGBARAJA.TEMP_TABLE (NUM_COL,CHAR_COL) values ('50',null);
Insert into KINGBARAJA.TEMP_TABLE (NUM_COL,CHAR_COL) values ('1',null);
Insert into KINGBARAJA.TEMP_TABLE (NUM_COL,CHAR_COL) values ('2',null);
Insert into KINGBARAJA.TEMP_TABLE (NUM_COL,CHAR_COL) values ('3',null);
Insert into KINGBARAJA.TEMP_TABLE (NUM_COL,CHAR_COL) values ('4',null);
Insert into KINGBARAJA.TEMP_TABLE (NUM_COL,CHAR_COL) values ('5',null);
Insert into KINGBARAJA.TEMP_TABLE (NUM_COL,CHAR_COL) values ('6',null);
Insert into KINGBARAJA.TEMP_TABLE (NUM_COL,CHAR_COL) values ('7',null);
Insert into KINGBARAJA.TEMP_TABLE (NUM_COL,CHAR_COL) values ('8',null);
Insert into KINGBARAJA.TEMP_TABLE (NUM_COL,CHAR_COL) values ('9',null);
Insert into KINGBARAJA.TEMP_TABLE (NUM_COL,CHAR_COL) values ('10',null);
Insert into KINGBARAJA.TEMP_TABLE (NUM_COL,CHAR_COL) values ('11',null);
Insert into KINGBARAJA.TEMP_TABLE (NUM_COL,CHAR_COL) values ('12',null);
Insert into KINGBARAJA.TEMP_TABLE (NUM_COL,CHAR_COL) values ('13',null);
Insert into KINGBARAJA.TEMP_TABLE (NUM_COL,CHAR_COL) values ('14',null);
Insert into KINGBARAJA.TEMP_TABLE (NUM_COL,CHAR_COL) values ('15',null);
Insert into KINGBARAJA.TEMP_TABLE (NUM_COL,CHAR_COL) values ('16',null);
Insert into KINGBARAJA.TEMP_TABLE (NUM_COL,CHAR_COL) values ('17',null);
Insert into KINGBARAJA.TEMP_TABLE (NUM_COL,CHAR_COL) values ('18',null);
Insert into KINGBARAJA.TEMP_TABLE (NUM_COL,CHAR_COL) values ('19',null);
Insert into KINGBARAJA.TEMP_TABLE (NUM_COL,CHAR_COL) values ('20',null);
Insert into KINGBARAJA.TEMP_TABLE (NUM_COL,CHAR_COL) values ('21',null);
Insert into KINGBARAJA.TEMP_TABLE (NUM_COL,CHAR_COL) values ('22',null);
Insert into KINGBARAJA.TEMP_TABLE (NUM_COL,CHAR_COL) values ('23',null);
Insert into KINGBARAJA.TEMP_TABLE (NUM_COL,CHAR_COL) values ('24',null);
Insert into KINGBARAJA.TEMP_TABLE (NUM_COL,CHAR_COL) values ('25',null);
Insert into KINGBARAJA.TEMP_TABLE (NUM_COL,CHAR_COL) values ('26',null);
Insert into KINGBARAJA.TEMP_TABLE (NUM_COL,CHAR_COL) values ('27',null);
Insert into KINGBARAJA.TEMP_TABLE (NUM_COL,CHAR_COL) values ('28',null);
Insert into KINGBARAJA.TEMP_TABLE (NUM_COL,CHAR_COL) values ('29',null);
Insert into KINGBARAJA.TEMP_TABLE (NUM_COL,CHAR_COL) values ('30',null);
Insert into KINGBARAJA.TEMP_TABLE (NUM_COL,CHAR_COL) values ('31',null);
Insert into KINGBARAJA.TEMP_TABLE (NUM_COL,CHAR_COL) values ('32',null);
Insert into KINGBARAJA.TEMP_TABLE (NUM_COL,CHAR_COL) values ('33',null);
Insert into KINGBARAJA.TEMP_TABLE (NUM_COL,CHAR_COL) values ('34',null);
Insert into KINGBARAJA.TEMP_TABLE (NUM_COL,CHAR_COL) values ('35',null);
Insert into KINGBARAJA.TEMP_TABLE (NUM_COL,CHAR_COL) values ('36',null);
Insert into KINGBARAJA.TEMP_TABLE (NUM_COL,CHAR_COL) values ('37',null);
Insert into KINGBARAJA.TEMP_TABLE (NUM_COL,CHAR_COL) values ('38',null);
Insert into KINGBARAJA.TEMP_TABLE (NUM_COL,CHAR_COL) values ('39',null);
Insert into KINGBARAJA.TEMP_TABLE (NUM_COL,CHAR_COL) values ('40',null);
Insert into KINGBARAJA.TEMP_TABLE (NUM_COL,CHAR_COL) values ('41',null);
Insert into KINGBARAJA.TEMP_TABLE (NUM_COL,CHAR_COL) values ('42',null);
Insert into KINGBARAJA.TEMP_TABLE (NUM_COL,CHAR_COL) values ('43',null);
Insert into KINGBARAJA.TEMP_TABLE (NUM_COL,CHAR_COL) values ('44',null);
Insert into KINGBARAJA.TEMP_TABLE (NUM_COL,CHAR_COL) values ('45',null);
Insert into KINGBARAJA.TEMP_TABLE (NUM_COL,CHAR_COL) values ('46',null);
Insert into KINGBARAJA.TEMP_TABLE (NUM_COL,CHAR_COL) values ('47',null);
Insert into KINGBARAJA.TEMP_TABLE (NUM_COL,CHAR_COL) values ('48',null);
Insert into KINGBARAJA.TEMP_TABLE (NUM_COL,CHAR_COL) values ('49',null);
Insert into KINGBARAJA.TEMP_TABLE (NUM_COL,CHAR_COL) values ('50',null);
Insert into KINGBARAJA.TEMP_TABLE (NUM_COL,CHAR_COL) values ('1',null);
Insert into KINGBARAJA.TEMP_TABLE (NUM_COL,CHAR_COL) values ('2',null);
Insert into KINGBARAJA.TEMP_TABLE (NUM_COL,CHAR_COL) values ('3',null);
Insert into KINGBARAJA.TEMP_TABLE (NUM_COL,CHAR_COL) values ('4',null);
Insert into KINGBARAJA.TEMP_TABLE (NUM_COL,CHAR_COL) values ('5',null);
Insert into KINGBARAJA.TEMP_TABLE (NUM_COL,CHAR_COL) values ('6',null);
Insert into KINGBARAJA.TEMP_TABLE (NUM_COL,CHAR_COL) values ('7',null);
Insert into KINGBARAJA.TEMP_TABLE (NUM_COL,CHAR_COL) values ('8',null);
Insert into KINGBARAJA.TEMP_TABLE (NUM_COL,CHAR_COL) values ('9',null);
Insert into KINGBARAJA.TEMP_TABLE (NUM_COL,CHAR_COL) values ('10',null);
Insert into KINGBARAJA.TEMP_TABLE (NUM_COL,CHAR_COL) values ('11',null);
Insert into KINGBARAJA.TEMP_TABLE (NUM_COL,CHAR_COL) values ('12',null);
Insert into KINGBARAJA.TEMP_TABLE (NUM_COL,CHAR_COL) values ('13',null);
Insert into KINGBARAJA.TEMP_TABLE (NUM_COL,CHAR_COL) values ('14',null);
Insert into KINGBARAJA.TEMP_TABLE (NUM_COL,CHAR_COL) values ('15',null);
Insert into KINGBARAJA.TEMP_TABLE (NUM_COL,CHAR_COL) values ('16',null);
Insert into KINGBARAJA.TEMP_TABLE (NUM_COL,CHAR_COL) values ('17',null);
Insert into KINGBARAJA.TEMP_TABLE (NUM_COL,CHAR_COL) values ('18',null);
Insert into KINGBARAJA.TEMP_TABLE (NUM_COL,CHAR_COL) values ('19',null);
Insert into KINGBARAJA.TEMP_TABLE (NUM_COL,CHAR_COL) values ('20',null);
Insert into KINGBARAJA.TEMP_TABLE (NUM_COL,CHAR_COL) values ('21',null);
Insert into KINGBARAJA.TEMP_TABLE (NUM_COL,CHAR_COL) values ('22',null);
Insert into KINGBARAJA.TEMP_TABLE (NUM_COL,CHAR_COL) values ('23',null);
Insert into KINGBARAJA.TEMP_TABLE (NUM_COL,CHAR_COL) values ('24',null);
Insert into KINGBARAJA.TEMP_TABLE (NUM_COL,CHAR_COL) values ('25',null);
Insert into KINGBARAJA.TEMP_TABLE (NUM_COL,CHAR_COL) values ('26',null);
Insert into KINGBARAJA.TEMP_TABLE (NUM_COL,CHAR_COL) values ('27',null);
Insert into KINGBARAJA.TEMP_TABLE (NUM_COL,CHAR_COL) values ('28',null);
Insert into KINGBARAJA.TEMP_TABLE (NUM_COL,CHAR_COL) values ('29',null);
Insert into KINGBARAJA.TEMP_TABLE (NUM_COL,CHAR_COL) values ('30',null);
Insert into KINGBARAJA.TEMP_TABLE (NUM_COL,CHAR_COL) values ('31',null);
Insert into KINGBARAJA.TEMP_TABLE (NUM_COL,CHAR_COL) values ('32',null);
Insert into KINGBARAJA.TEMP_TABLE (NUM_COL,CHAR_COL) values ('33',null);
Insert into KINGBARAJA.TEMP_TABLE (NUM_COL,CHAR_COL) values ('34',null);
Insert into KINGBARAJA.TEMP_TABLE (NUM_COL,CHAR_COL) values ('35',null);
Insert into KINGBARAJA.TEMP_TABLE (NUM_COL,CHAR_COL) values ('36',null);
Insert into KINGBARAJA.TEMP_TABLE (NUM_COL,CHAR_COL) values ('37',null);
Insert into KINGBARAJA.TEMP_TABLE (NUM_COL,CHAR_COL) values ('38',null);
Insert into KINGBARAJA.TEMP_TABLE (NUM_COL,CHAR_COL) values ('39',null);
Insert into KINGBARAJA.TEMP_TABLE (NUM_COL,CHAR_COL) values ('40',null);
Insert into KINGBARAJA.TEMP_TABLE (NUM_COL,CHAR_COL) values ('41',null);
Insert into KINGBARAJA.TEMP_TABLE (NUM_COL,CHAR_COL) values ('42',null);
Insert into KINGBARAJA.TEMP_TABLE (NUM_COL,CHAR_COL) values ('43',null);
Insert into KINGBARAJA.TEMP_TABLE (NUM_COL,CHAR_COL) values ('44',null);
Insert into KINGBARAJA.TEMP_TABLE (NUM_COL,CHAR_COL) values ('45',null);
Insert into KINGBARAJA.TEMP_TABLE (NUM_COL,CHAR_COL) values ('46',null);
Insert into KINGBARAJA.TEMP_TABLE (NUM_COL,CHAR_COL) values ('47',null);
Insert into KINGBARAJA.TEMP_TABLE (NUM_COL,CHAR_COL) values ('48',null);
Insert into KINGBARAJA.TEMP_TABLE (NUM_COL,CHAR_COL) values ('49',null);
Insert into KINGBARAJA.TEMP_TABLE (NUM_COL,CHAR_COL) values ('50',null);
Insert into KINGBARAJA.TEMP_TABLE (NUM_COL,CHAR_COL) values ('1',null);
Insert into KINGBARAJA.TEMP_TABLE (NUM_COL,CHAR_COL) values ('2',null);
Insert into KINGBARAJA.TEMP_TABLE (NUM_COL,CHAR_COL) values ('3',null);
Insert into KINGBARAJA.TEMP_TABLE (NUM_COL,CHAR_COL) values ('4',null);
Insert into KINGBARAJA.TEMP_TABLE (NUM_COL,CHAR_COL) values ('5',null);
Insert into KINGBARAJA.TEMP_TABLE (NUM_COL,CHAR_COL) values ('6',null);
Insert into KINGBARAJA.TEMP_TABLE (NUM_COL,CHAR_COL) values ('7',null);
Insert into KINGBARAJA.TEMP_TABLE (NUM_COL,CHAR_COL) values ('8',null);
Insert into KINGBARAJA.TEMP_TABLE (NUM_COL,CHAR_COL) values ('9',null);
Insert into KINGBARAJA.TEMP_TABLE (NUM_COL,CHAR_COL) values ('10',null);
Insert into KINGBARAJA.TEMP_TABLE (NUM_COL,CHAR_COL) values ('11',null);
Insert into KINGBARAJA.TEMP_TABLE (NUM_COL,CHAR_COL) values ('12',null);
Insert into KINGBARAJA.TEMP_TABLE (NUM_COL,CHAR_COL) values ('13',null);
Insert into KINGBARAJA.TEMP_TABLE (NUM_COL,CHAR_COL) values ('14',null);
Insert into KINGBARAJA.TEMP_TABLE (NUM_COL,CHAR_COL) values ('15',null);
Insert into KINGBARAJA.TEMP_TABLE (NUM_COL,CHAR_COL) values ('16',null);
Insert into KINGBARAJA.TEMP_TABLE (NUM_COL,CHAR_COL) values ('17',null);
Insert into KINGBARAJA.TEMP_TABLE (NUM_COL,CHAR_COL) values ('18',null);
Insert into KINGBARAJA.TEMP_TABLE (NUM_COL,CHAR_COL) values ('19',null);
Insert into KINGBARAJA.TEMP_TABLE (NUM_COL,CHAR_COL) values ('20',null);
Insert into KINGBARAJA.TEMP_TABLE (NUM_COL,CHAR_COL) values ('21',null);
Insert into KINGBARAJA.TEMP_TABLE (NUM_COL,CHAR_COL) values ('22',null);
Insert into KINGBARAJA.TEMP_TABLE (NUM_COL,CHAR_COL) values ('23',null);
Insert into KINGBARAJA.TEMP_TABLE (NUM_COL,CHAR_COL) values ('24',null);
Insert into KINGBARAJA.TEMP_TABLE (NUM_COL,CHAR_COL) values ('25',null);
Insert into KINGBARAJA.TEMP_TABLE (NUM_COL,CHAR_COL) values ('26',null);
Insert into KINGBARAJA.TEMP_TABLE (NUM_COL,CHAR_COL) values ('27',null);
Insert into KINGBARAJA.TEMP_TABLE (NUM_COL,CHAR_COL) values ('28',null);
Insert into KINGBARAJA.TEMP_TABLE (NUM_COL,CHAR_COL) values ('29',null);
Insert into KINGBARAJA.TEMP_TABLE (NUM_COL,CHAR_COL) values ('30',null);
Insert into KINGBARAJA.TEMP_TABLE (NUM_COL,CHAR_COL) values ('31',null);
Insert into KINGBARAJA.TEMP_TABLE (NUM_COL,CHAR_COL) values ('32',null);
Insert into KINGBARAJA.TEMP_TABLE (NUM_COL,CHAR_COL) values ('33',null);
Insert into KINGBARAJA.TEMP_TABLE (NUM_COL,CHAR_COL) values ('34',null);
Insert into KINGBARAJA.TEMP_TABLE (NUM_COL,CHAR_COL) values ('35',null);
Insert into KINGBARAJA.TEMP_TABLE (NUM_COL,CHAR_COL) values ('36',null);
Insert into KINGBARAJA.TEMP_TABLE (NUM_COL,CHAR_COL) values ('37',null);
Insert into KINGBARAJA.TEMP_TABLE (NUM_COL,CHAR_COL) values ('38',null);
Insert into KINGBARAJA.TEMP_TABLE (NUM_COL,CHAR_COL) values ('39',null);
Insert into KINGBARAJA.TEMP_TABLE (NUM_COL,CHAR_COL) values ('40',null);
Insert into KINGBARAJA.TEMP_TABLE (NUM_COL,CHAR_COL) values ('41',null);
Insert into KINGBARAJA.TEMP_TABLE (NUM_COL,CHAR_COL) values ('42',null);
Insert into KINGBARAJA.TEMP_TABLE (NUM_COL,CHAR_COL) values ('43',null);
Insert into KINGBARAJA.TEMP_TABLE (NUM_COL,CHAR_COL) values ('44',null);
Insert into KINGBARAJA.TEMP_TABLE (NUM_COL,CHAR_COL) values ('45',null);
Insert into KINGBARAJA.TEMP_TABLE (NUM_COL,CHAR_COL) values ('46',null);
Insert into KINGBARAJA.TEMP_TABLE (NUM_COL,CHAR_COL) values ('47',null);
Insert into KINGBARAJA.TEMP_TABLE (NUM_COL,CHAR_COL) values ('48',null);
Insert into KINGBARAJA.TEMP_TABLE (NUM_COL,CHAR_COL) values ('49',null);
Insert into KINGBARAJA.TEMP_TABLE (NUM_COL,CHAR_COL) values ('50',null);
Insert into KINGBARAJA.TEMP_TABLE (NUM_COL,CHAR_COL) values ('1',null);
Insert into KINGBARAJA.TEMP_TABLE (NUM_COL,CHAR_COL) values ('2',null);
Insert into KINGBARAJA.TEMP_TABLE (NUM_COL,CHAR_COL) values ('3',null);
Insert into KINGBARAJA.TEMP_TABLE (NUM_COL,CHAR_COL) values ('4',null);
Insert into KINGBARAJA.TEMP_TABLE (NUM_COL,CHAR_COL) values ('5',null);
Insert into KINGBARAJA.TEMP_TABLE (NUM_COL,CHAR_COL) values ('6',null);
Insert into KINGBARAJA.TEMP_TABLE (NUM_COL,CHAR_COL) values ('7',null);
Insert into KINGBARAJA.TEMP_TABLE (NUM_COL,CHAR_COL) values ('8',null);
Insert into KINGBARAJA.TEMP_TABLE (NUM_COL,CHAR_COL) values ('9',null);
Insert into KINGBARAJA.TEMP_TABLE (NUM_COL,CHAR_COL) values ('10',null);
Insert into KINGBARAJA.TEMP_TABLE (NUM_COL,CHAR_COL) values ('11',null);
Insert into KINGBARAJA.TEMP_TABLE (NUM_COL,CHAR_COL) values ('12',null);
Insert into KINGBARAJA.TEMP_TABLE (NUM_COL,CHAR_COL) values ('13',null);
Insert into KINGBARAJA.TEMP_TABLE (NUM_COL,CHAR_COL) values ('14',null);
Insert into KINGBARAJA.TEMP_TABLE (NUM_COL,CHAR_COL) values ('15',null);
Insert into KINGBARAJA.TEMP_TABLE (NUM_COL,CHAR_COL) values ('16',null);
Insert into KINGBARAJA.TEMP_TABLE (NUM_COL,CHAR_COL) values ('17',null);
Insert into KINGBARAJA.TEMP_TABLE (NUM_COL,CHAR_COL) values ('18',null);
Insert into KINGBARAJA.TEMP_TABLE (NUM_COL,CHAR_COL) values ('19',null);
Insert into KINGBARAJA.TEMP_TABLE (NUM_COL,CHAR_COL) values ('20',null);
Insert into KINGBARAJA.TEMP_TABLE (NUM_COL,CHAR_COL) values ('21',null);
Insert into KINGBARAJA.TEMP_TABLE (NUM_COL,CHAR_COL) values ('22',null);
Insert into KINGBARAJA.TEMP_TABLE (NUM_COL,CHAR_COL) values ('23',null);
Insert into KINGBARAJA.TEMP_TABLE (NUM_COL,CHAR_COL) values ('24',null);
Insert into KINGBARAJA.TEMP_TABLE (NUM_COL,CHAR_COL) values ('25',null);
Insert into KINGBARAJA.TEMP_TABLE (NUM_COL,CHAR_COL) values ('26',null);
Insert into KINGBARAJA.TEMP_TABLE (NUM_COL,CHAR_COL) values ('27',null);
Insert into KINGBARAJA.TEMP_TABLE (NUM_COL,CHAR_COL) values ('28',null);
Insert into KINGBARAJA.TEMP_TABLE (NUM_COL,CHAR_COL) values ('29',null);
Insert into KINGBARAJA.TEMP_TABLE (NUM_COL,CHAR_COL) values ('30',null);
Insert into KINGBARAJA.TEMP_TABLE (NUM_COL,CHAR_COL) values ('31',null);
Insert into KINGBARAJA.TEMP_TABLE (NUM_COL,CHAR_COL) values ('32',null);
Insert into KINGBARAJA.TEMP_TABLE (NUM_COL,CHAR_COL) values ('33',null);
Insert into KINGBARAJA.TEMP_TABLE (NUM_COL,CHAR_COL) values ('34',null);
Insert into KINGBARAJA.TEMP_TABLE (NUM_COL,CHAR_COL) values ('35',null);
Insert into KINGBARAJA.TEMP_TABLE (NUM_COL,CHAR_COL) values ('36',null);
Insert into KINGBARAJA.TEMP_TABLE (NUM_COL,CHAR_COL) values ('37',null);
Insert into KINGBARAJA.TEMP_TABLE (NUM_COL,CHAR_COL) values ('38',null);
Insert into KINGBARAJA.TEMP_TABLE (NUM_COL,CHAR_COL) values ('39',null);
Insert into KINGBARAJA.TEMP_TABLE (NUM_COL,CHAR_COL) values ('40',null);
Insert into KINGBARAJA.TEMP_TABLE (NUM_COL,CHAR_COL) values ('41',null);
Insert into KINGBARAJA.TEMP_TABLE (NUM_COL,CHAR_COL) values ('42',null);
Insert into KINGBARAJA.TEMP_TABLE (NUM_COL,CHAR_COL) values ('43',null);
Insert into KINGBARAJA.TEMP_TABLE (NUM_COL,CHAR_COL) values ('44',null);
Insert into KINGBARAJA.TEMP_TABLE (NUM_COL,CHAR_COL) values ('45',null);
Insert into KINGBARAJA.TEMP_TABLE (NUM_COL,CHAR_COL) values ('46',null);
Insert into KINGBARAJA.TEMP_TABLE (NUM_COL,CHAR_COL) values ('47',null);
Insert into KINGBARAJA.TEMP_TABLE (NUM_COL,CHAR_COL) values ('48',null);
Insert into KINGBARAJA.TEMP_TABLE (NUM_COL,CHAR_COL) values ('49',null);
Insert into KINGBARAJA.TEMP_TABLE (NUM_COL,CHAR_COL) values ('50',null);
Insert into KINGBARAJA.TEMP_TABLE (NUM_COL,CHAR_COL) values ('1',null);
Insert into KINGBARAJA.TEMP_TABLE (NUM_COL,CHAR_COL) values ('2',null);
Insert into KINGBARAJA.TEMP_TABLE (NUM_COL,CHAR_COL) values ('3',null);
Insert into KINGBARAJA.TEMP_TABLE (NUM_COL,CHAR_COL) values ('4',null);
Insert into KINGBARAJA.TEMP_TABLE (NUM_COL,CHAR_COL) values ('5',null);
Insert into KINGBARAJA.TEMP_TABLE (NUM_COL,CHAR_COL) values ('6',null);
Insert into KINGBARAJA.TEMP_TABLE (NUM_COL,CHAR_COL) values ('7',null);
Insert into KINGBARAJA.TEMP_TABLE (NUM_COL,CHAR_COL) values ('8',null);
Insert into KINGBARAJA.TEMP_TABLE (NUM_COL,CHAR_COL) values ('9',null);
Insert into KINGBARAJA.TEMP_TABLE (NUM_COL,CHAR_COL) values ('10',null);
Insert into KINGBARAJA.TEMP_TABLE (NUM_COL,CHAR_COL) values ('11',null);
Insert into KINGBARAJA.TEMP_TABLE (NUM_COL,CHAR_COL) values ('12',null);
Insert into KINGBARAJA.TEMP_TABLE (NUM_COL,CHAR_COL) values ('13',null);
Insert into KINGBARAJA.TEMP_TABLE (NUM_COL,CHAR_COL) values ('14',null);
Insert into KINGBARAJA.TEMP_TABLE (NUM_COL,CHAR_COL) values ('15',null);
Insert into KINGBARAJA.TEMP_TABLE (NUM_COL,CHAR_COL) values ('16',null);
Insert into KINGBARAJA.TEMP_TABLE (NUM_COL,CHAR_COL) values ('17',null);
Insert into KINGBARAJA.TEMP_TABLE (NUM_COL,CHAR_COL) values ('18',null);
Insert into KINGBARAJA.TEMP_TABLE (NUM_COL,CHAR_COL) values ('19',null);
Insert into KINGBARAJA.TEMP_TABLE (NUM_COL,CHAR_COL) values ('20',null);
Insert into KINGBARAJA.TEMP_TABLE (NUM_COL,CHAR_COL) values ('21',null);
Insert into KINGBARAJA.TEMP_TABLE (NUM_COL,CHAR_COL) values ('22',null);
Insert into KINGBARAJA.TEMP_TABLE (NUM_COL,CHAR_COL) values ('23',null);
Insert into KINGBARAJA.TEMP_TABLE (NUM_COL,CHAR_COL) values ('24',null);
Insert into KINGBARAJA.TEMP_TABLE (NUM_COL,CHAR_COL) values ('25',null);
Insert into KINGBARAJA.TEMP_TABLE (NUM_COL,CHAR_COL) values ('26',null);
Insert into KINGBARAJA.TEMP_TABLE (NUM_COL,CHAR_COL) values ('27',null);
Insert into KINGBARAJA.TEMP_TABLE (NUM_COL,CHAR_COL) values ('28',null);
Insert into KINGBARAJA.TEMP_TABLE (NUM_COL,CHAR_COL) values ('29',null);
Insert into KINGBARAJA.TEMP_TABLE (NUM_COL,CHAR_COL) values ('30',null);
Insert into KINGBARAJA.TEMP_TABLE (NUM_COL,CHAR_COL) values ('31',null);
Insert into KINGBARAJA.TEMP_TABLE (NUM_COL,CHAR_COL) values ('32',null);
Insert into KINGBARAJA.TEMP_TABLE (NUM_COL,CHAR_COL) values ('33',null);
Insert into KINGBARAJA.TEMP_TABLE (NUM_COL,CHAR_COL) values ('34',null);
Insert into KINGBARAJA.TEMP_TABLE (NUM_COL,CHAR_COL) values ('35',null);
Insert into KINGBARAJA.TEMP_TABLE (NUM_COL,CHAR_COL) values ('36',null);
Insert into KINGBARAJA.TEMP_TABLE (NUM_COL,CHAR_COL) values ('37',null);
Insert into KINGBARAJA.TEMP_TABLE (NUM_COL,CHAR_COL) values ('38',null);
Insert into KINGBARAJA.TEMP_TABLE (NUM_COL,CHAR_COL) values ('39',null);
Insert into KINGBARAJA.TEMP_TABLE (NUM_COL,CHAR_COL) values ('40',null);
Insert into KINGBARAJA.TEMP_TABLE (NUM_COL,CHAR_COL) values ('41',null);
Insert into KINGBARAJA.TEMP_TABLE (NUM_COL,CHAR_COL) values ('42',null);
Insert into KINGBARAJA.TEMP_TABLE (NUM_COL,CHAR_COL) values ('43',null);
Insert into KINGBARAJA.TEMP_TABLE (NUM_COL,CHAR_COL) values ('44',null);
Insert into KINGBARAJA.TEMP_TABLE (NUM_COL,CHAR_COL) values ('45',null);
Insert into KINGBARAJA.TEMP_TABLE (NUM_COL,CHAR_COL) values ('46',null);
Insert into KINGBARAJA.TEMP_TABLE (NUM_COL,CHAR_COL) values ('47',null);
Insert into KINGBARAJA.TEMP_TABLE (NUM_COL,CHAR_COL) values ('48',null);
Insert into KINGBARAJA.TEMP_TABLE (NUM_COL,CHAR_COL) values ('49',null);
Insert into KINGBARAJA.TEMP_TABLE (NUM_COL,CHAR_COL) values ('50',null);
Insert into KINGBARAJA.TEMP_TABLE (NUM_COL,CHAR_COL) values ('1',null);
Insert into KINGBARAJA.TEMP_TABLE (NUM_COL,CHAR_COL) values ('2',null);
Insert into KINGBARAJA.TEMP_TABLE (NUM_COL,CHAR_COL) values ('3',null);
Insert into KINGBARAJA.TEMP_TABLE (NUM_COL,CHAR_COL) values ('4',null);
Insert into KINGBARAJA.TEMP_TABLE (NUM_COL,CHAR_COL) values ('5',null);
Insert into KINGBARAJA.TEMP_TABLE (NUM_COL,CHAR_COL) values ('6',null);
Insert into KINGBARAJA.TEMP_TABLE (NUM_COL,CHAR_COL) values ('7',null);
Insert into KINGBARAJA.TEMP_TABLE (NUM_COL,CHAR_COL) values ('8',null);
Insert into KINGBARAJA.TEMP_TABLE (NUM_COL,CHAR_COL) values ('9',null);
Insert into KINGBARAJA.TEMP_TABLE (NUM_COL,CHAR_COL) values ('10',null);
Insert into KINGBARAJA.TEMP_TABLE (NUM_COL,CHAR_COL) values ('11',null);
Insert into KINGBARAJA.TEMP_TABLE (NUM_COL,CHAR_COL) values ('12',null);
Insert into KINGBARAJA.TEMP_TABLE (NUM_COL,CHAR_COL) values ('13',null);
Insert into KINGBARAJA.TEMP_TABLE (NUM_COL,CHAR_COL) values ('14',null);
Insert into KINGBARAJA.TEMP_TABLE (NUM_COL,CHAR_COL) values ('15',null);
Insert into KINGBARAJA.TEMP_TABLE (NUM_COL,CHAR_COL) values ('16',null);
Insert into KINGBARAJA.TEMP_TABLE (NUM_COL,CHAR_COL) values ('17',null);
Insert into KINGBARAJA.TEMP_TABLE (NUM_COL,CHAR_COL) values ('18',null);
Insert into KINGBARAJA.TEMP_TABLE (NUM_COL,CHAR_COL) values ('19',null);
Insert into KINGBARAJA.TEMP_TABLE (NUM_COL,CHAR_COL) values ('20',null);
Insert into KINGBARAJA.TEMP_TABLE (NUM_COL,CHAR_COL) values ('21',null);
Insert into KINGBARAJA.TEMP_TABLE (NUM_COL,CHAR_COL) values ('22',null);
Insert into KINGBARAJA.TEMP_TABLE (NUM_COL,CHAR_COL) values ('23',null);
Insert into KINGBARAJA.TEMP_TABLE (NUM_COL,CHAR_COL) values ('24',null);
Insert into KINGBARAJA.TEMP_TABLE (NUM_COL,CHAR_COL) values ('25',null);
Insert into KINGBARAJA.TEMP_TABLE (NUM_COL,CHAR_COL) values ('26',null);
Insert into KINGBARAJA.TEMP_TABLE (NUM_COL,CHAR_COL) values ('27',null);
Insert into KINGBARAJA.TEMP_TABLE (NUM_COL,CHAR_COL) values ('28',null);
Insert into KINGBARAJA.TEMP_TABLE (NUM_COL,CHAR_COL) values ('29',null);
Insert into KINGBARAJA.TEMP_TABLE (NUM_COL,CHAR_COL) values ('30',null);
Insert into KINGBARAJA.TEMP_TABLE (NUM_COL,CHAR_COL) values ('31',null);
Insert into KINGBARAJA.TEMP_TABLE (NUM_COL,CHAR_COL) values ('32',null);
Insert into KINGBARAJA.TEMP_TABLE (NUM_COL,CHAR_COL) values ('33',null);
Insert into KINGBARAJA.TEMP_TABLE (NUM_COL,CHAR_COL) values ('34',null);
Insert into KINGBARAJA.TEMP_TABLE (NUM_COL,CHAR_COL) values ('35',null);
Insert into KINGBARAJA.TEMP_TABLE (NUM_COL,CHAR_COL) values ('36',null);
Insert into KINGBARAJA.TEMP_TABLE (NUM_COL,CHAR_COL) values ('37',null);
Insert into KINGBARAJA.TEMP_TABLE (NUM_COL,CHAR_COL) values ('38',null);
Insert into KINGBARAJA.TEMP_TABLE (NUM_COL,CHAR_COL) values ('39',null);
Insert into KINGBARAJA.TEMP_TABLE (NUM_COL,CHAR_COL) values ('40',null);
Insert into KINGBARAJA.TEMP_TABLE (NUM_COL,CHAR_COL) values ('41',null);
Insert into KINGBARAJA.TEMP_TABLE (NUM_COL,CHAR_COL) values ('42',null);
Insert into KINGBARAJA.TEMP_TABLE (NUM_COL,CHAR_COL) values ('43',null);
Insert into KINGBARAJA.TEMP_TABLE (NUM_COL,CHAR_COL) values ('44',null);
Insert into KINGBARAJA.TEMP_TABLE (NUM_COL,CHAR_COL) values ('45',null);
Insert into KINGBARAJA.TEMP_TABLE (NUM_COL,CHAR_COL) values ('46',null);
Insert into KINGBARAJA.TEMP_TABLE (NUM_COL,CHAR_COL) values ('47',null);
Insert into KINGBARAJA.TEMP_TABLE (NUM_COL,CHAR_COL) values ('48',null);
Insert into KINGBARAJA.TEMP_TABLE (NUM_COL,CHAR_COL) values ('49',null);
Insert into KINGBARAJA.TEMP_TABLE (NUM_COL,CHAR_COL) values ('50',null);
Insert into KINGBARAJA.TEMP_TABLE (NUM_COL,CHAR_COL) values ('1',null);
Insert into KINGBARAJA.TEMP_TABLE (NUM_COL,CHAR_COL) values ('2',null);
Insert into KINGBARAJA.TEMP_TABLE (NUM_COL,CHAR_COL) values ('3',null);
Insert into KINGBARAJA.TEMP_TABLE (NUM_COL,CHAR_COL) values ('4',null);
Insert into KINGBARAJA.TEMP_TABLE (NUM_COL,CHAR_COL) values ('5',null);
Insert into KINGBARAJA.TEMP_TABLE (NUM_COL,CHAR_COL) values ('6',null);
Insert into KINGBARAJA.TEMP_TABLE (NUM_COL,CHAR_COL) values ('7',null);
Insert into KINGBARAJA.TEMP_TABLE (NUM_COL,CHAR_COL) values ('8',null);
Insert into KINGBARAJA.TEMP_TABLE (NUM_COL,CHAR_COL) values ('9',null);
Insert into KINGBARAJA.TEMP_TABLE (NUM_COL,CHAR_COL) values ('10',null);
Insert into KINGBARAJA.TEMP_TABLE (NUM_COL,CHAR_COL) values ('11',null);
Insert into KINGBARAJA.TEMP_TABLE (NUM_COL,CHAR_COL) values ('12',null);
Insert into KINGBARAJA.TEMP_TABLE (NUM_COL,CHAR_COL) values ('13',null);
Insert into KINGBARAJA.TEMP_TABLE (NUM_COL,CHAR_COL) values ('14',null);
Insert into KINGBARAJA.TEMP_TABLE (NUM_COL,CHAR_COL) values ('15',null);
Insert into KINGBARAJA.TEMP_TABLE (NUM_COL,CHAR_COL) values ('16',null);
Insert into KINGBARAJA.TEMP_TABLE (NUM_COL,CHAR_COL) values ('17',null);
Insert into KINGBARAJA.TEMP_TABLE (NUM_COL,CHAR_COL) values ('18',null);
Insert into KINGBARAJA.TEMP_TABLE (NUM_COL,CHAR_COL) values ('19',null);
Insert into KINGBARAJA.TEMP_TABLE (NUM_COL,CHAR_COL) values ('20',null);
Insert into KINGBARAJA.TEMP_TABLE (NUM_COL,CHAR_COL) values ('21',null);
Insert into KINGBARAJA.TEMP_TABLE (NUM_COL,CHAR_COL) values ('22',null);
Insert into KINGBARAJA.TEMP_TABLE (NUM_COL,CHAR_COL) values ('23',null);
Insert into KINGBARAJA.TEMP_TABLE (NUM_COL,CHAR_COL) values ('24',null);
Insert into KINGBARAJA.TEMP_TABLE (NUM_COL,CHAR_COL) values ('25',null);
Insert into KINGBARAJA.TEMP_TABLE (NUM_COL,CHAR_COL) values ('26',null);
Insert into KINGBARAJA.TEMP_TABLE (NUM_COL,CHAR_COL) values ('27',null);
Insert into KINGBARAJA.TEMP_TABLE (NUM_COL,CHAR_COL) values ('28',null);
Insert into KINGBARAJA.TEMP_TABLE (NUM_COL,CHAR_COL) values ('29',null);
Insert into KINGBARAJA.TEMP_TABLE (NUM_COL,CHAR_COL) values ('30',null);
Insert into KINGBARAJA.TEMP_TABLE (NUM_COL,CHAR_COL) values ('31',null);
Insert into KINGBARAJA.TEMP_TABLE (NUM_COL,CHAR_COL) values ('32',null);
Insert into KINGBARAJA.TEMP_TABLE (NUM_COL,CHAR_COL) values ('33',null);
Insert into KINGBARAJA.TEMP_TABLE (NUM_COL,CHAR_COL) values ('34',null);
Insert into KINGBARAJA.TEMP_TABLE (NUM_COL,CHAR_COL) values ('35',null);
Insert into KINGBARAJA.TEMP_TABLE (NUM_COL,CHAR_COL) values ('36',null);
Insert into KINGBARAJA.TEMP_TABLE (NUM_COL,CHAR_COL) values ('37',null);
Insert into KINGBARAJA.TEMP_TABLE (NUM_COL,CHAR_COL) values ('38',null);
Insert into KINGBARAJA.TEMP_TABLE (NUM_COL,CHAR_COL) values ('39',null);
Insert into KINGBARAJA.TEMP_TABLE (NUM_COL,CHAR_COL) values ('40',null);
Insert into KINGBARAJA.TEMP_TABLE (NUM_COL,CHAR_COL) values ('41',null);
Insert into KINGBARAJA.TEMP_TABLE (NUM_COL,CHAR_COL) values ('42',null);
Insert into KINGBARAJA.TEMP_TABLE (NUM_COL,CHAR_COL) values ('43',null);
Insert into KINGBARAJA.TEMP_TABLE (NUM_COL,CHAR_COL) values ('44',null);
Insert into KINGBARAJA.TEMP_TABLE (NUM_COL,CHAR_COL) values ('45',null);
Insert into KINGBARAJA.TEMP_TABLE (NUM_COL,CHAR_COL) values ('46',null);
Insert into KINGBARAJA.TEMP_TABLE (NUM_COL,CHAR_COL) values ('47',null);
Insert into KINGBARAJA.TEMP_TABLE (NUM_COL,CHAR_COL) values ('48',null);
Insert into KINGBARAJA.TEMP_TABLE (NUM_COL,CHAR_COL) values ('49',null);
Insert into KINGBARAJA.TEMP_TABLE (NUM_COL,CHAR_COL) values ('50',null);
Insert into KINGBARAJA.TEMP_TABLE (NUM_COL,CHAR_COL) values ('1',null);
Insert into KINGBARAJA.TEMP_TABLE (NUM_COL,CHAR_COL) values ('2',null);
Insert into KINGBARAJA.TEMP_TABLE (NUM_COL,CHAR_COL) values ('3',null);
Insert into KINGBARAJA.TEMP_TABLE (NUM_COL,CHAR_COL) values ('4',null);
Insert into KINGBARAJA.TEMP_TABLE (NUM_COL,CHAR_COL) values ('5',null);
Insert into KINGBARAJA.TEMP_TABLE (NUM_COL,CHAR_COL) values ('6',null);
Insert into KINGBARAJA.TEMP_TABLE (NUM_COL,CHAR_COL) values ('7',null);
Insert into KINGBARAJA.TEMP_TABLE (NUM_COL,CHAR_COL) values ('8',null);
Insert into KINGBARAJA.TEMP_TABLE (NUM_COL,CHAR_COL) values ('9',null);
Insert into KINGBARAJA.TEMP_TABLE (NUM_COL,CHAR_COL) values ('10',null);
Insert into KINGBARAJA.TEMP_TABLE (NUM_COL,CHAR_COL) values ('11',null);
Insert into KINGBARAJA.TEMP_TABLE (NUM_COL,CHAR_COL) values ('12',null);
Insert into KINGBARAJA.TEMP_TABLE (NUM_COL,CHAR_COL) values ('13',null);
Insert into KINGBARAJA.TEMP_TABLE (NUM_COL,CHAR_COL) values ('14',null);
Insert into KINGBARAJA.TEMP_TABLE (NUM_COL,CHAR_COL) values ('15',null);
Insert into KINGBARAJA.TEMP_TABLE (NUM_COL,CHAR_COL) values ('16',null);
Insert into KINGBARAJA.TEMP_TABLE (NUM_COL,CHAR_COL) values ('17',null);
Insert into KINGBARAJA.TEMP_TABLE (NUM_COL,CHAR_COL) values ('18',null);
Insert into KINGBARAJA.TEMP_TABLE (NUM_COL,CHAR_COL) values ('19',null);
Insert into KINGBARAJA.TEMP_TABLE (NUM_COL,CHAR_COL) values ('20',null);
Insert into KINGBARAJA.TEMP_TABLE (NUM_COL,CHAR_COL) values ('21',null);
Insert into KINGBARAJA.TEMP_TABLE (NUM_COL,CHAR_COL) values ('22',null);
Insert into KINGBARAJA.TEMP_TABLE (NUM_COL,CHAR_COL) values ('23',null);
Insert into KINGBARAJA.TEMP_TABLE (NUM_COL,CHAR_COL) values ('24',null);
Insert into KINGBARAJA.TEMP_TABLE (NUM_COL,CHAR_COL) values ('25',null);
Insert into KINGBARAJA.TEMP_TABLE (NUM_COL,CHAR_COL) values ('26',null);
Insert into KINGBARAJA.TEMP_TABLE (NUM_COL,CHAR_COL) values ('27',null);
Insert into KINGBARAJA.TEMP_TABLE (NUM_COL,CHAR_COL) values ('28',null);
Insert into KINGBARAJA.TEMP_TABLE (NUM_COL,CHAR_COL) values ('29',null);
Insert into KINGBARAJA.TEMP_TABLE (NUM_COL,CHAR_COL) values ('30',null);
Insert into KINGBARAJA.TEMP_TABLE (NUM_COL,CHAR_COL) values ('31',null);
Insert into KINGBARAJA.TEMP_TABLE (NUM_COL,CHAR_COL) values ('32',null);
Insert into KINGBARAJA.TEMP_TABLE (NUM_COL,CHAR_COL) values ('33',null);
Insert into KINGBARAJA.TEMP_TABLE (NUM_COL,CHAR_COL) values ('34',null);
Insert into KINGBARAJA.TEMP_TABLE (NUM_COL,CHAR_COL) values ('35',null);
Insert into KINGBARAJA.TEMP_TABLE (NUM_COL,CHAR_COL) values ('36',null);
Insert into KINGBARAJA.TEMP_TABLE (NUM_COL,CHAR_COL) values ('37',null);
Insert into KINGBARAJA.TEMP_TABLE (NUM_COL,CHAR_COL) values ('38',null);
Insert into KINGBARAJA.TEMP_TABLE (NUM_COL,CHAR_COL) values ('39',null);
Insert into KINGBARAJA.TEMP_TABLE (NUM_COL,CHAR_COL) values ('40',null);
Insert into KINGBARAJA.TEMP_TABLE (NUM_COL,CHAR_COL) values ('41',null);
Insert into KINGBARAJA.TEMP_TABLE (NUM_COL,CHAR_COL) values ('42',null);
Insert into KINGBARAJA.TEMP_TABLE (NUM_COL,CHAR_COL) values ('43',null);
Insert into KINGBARAJA.TEMP_TABLE (NUM_COL,CHAR_COL) values ('44',null);
Insert into KINGBARAJA.TEMP_TABLE (NUM_COL,CHAR_COL) values ('45',null);
Insert into KINGBARAJA.TEMP_TABLE (NUM_COL,CHAR_COL) values ('46',null);
Insert into KINGBARAJA.TEMP_TABLE (NUM_COL,CHAR_COL) values ('47',null);
Insert into KINGBARAJA.TEMP_TABLE (NUM_COL,CHAR_COL) values ('48',null);
Insert into KINGBARAJA.TEMP_TABLE (NUM_COL,CHAR_COL) values ('49',null);
Insert into KINGBARAJA.TEMP_TABLE (NUM_COL,CHAR_COL) values ('50',null);
Insert into KINGBARAJA.TEMP_TABLE (NUM_COL,CHAR_COL) values ('1',null);
Insert into KINGBARAJA.TEMP_TABLE (NUM_COL,CHAR_COL) values ('2',null);
Insert into KINGBARAJA.TEMP_TABLE (NUM_COL,CHAR_COL) values ('3',null);
Insert into KINGBARAJA.TEMP_TABLE (NUM_COL,CHAR_COL) values ('4',null);
Insert into KINGBARAJA.TEMP_TABLE (NUM_COL,CHAR_COL) values ('5',null);
Insert into KINGBARAJA.TEMP_TABLE (NUM_COL,CHAR_COL) values ('6',null);
Insert into KINGBARAJA.TEMP_TABLE (NUM_COL,CHAR_COL) values ('7',null);
Insert into KINGBARAJA.TEMP_TABLE (NUM_COL,CHAR_COL) values ('8',null);
Insert into KINGBARAJA.TEMP_TABLE (NUM_COL,CHAR_COL) values ('9',null);
Insert into KINGBARAJA.TEMP_TABLE (NUM_COL,CHAR_COL) values ('10',null);
Insert into KINGBARAJA.TEMP_TABLE (NUM_COL,CHAR_COL) values ('11',null);
Insert into KINGBARAJA.TEMP_TABLE (NUM_COL,CHAR_COL) values ('12',null);
Insert into KINGBARAJA.TEMP_TABLE (NUM_COL,CHAR_COL) values ('13',null);
Insert into KINGBARAJA.TEMP_TABLE (NUM_COL,CHAR_COL) values ('14',null);
Insert into KINGBARAJA.TEMP_TABLE (NUM_COL,CHAR_COL) values ('15',null);
Insert into KINGBARAJA.TEMP_TABLE (NUM_COL,CHAR_COL) values ('16',null);
Insert into KINGBARAJA.TEMP_TABLE (NUM_COL,CHAR_COL) values ('17',null);
Insert into KINGBARAJA.TEMP_TABLE (NUM_COL,CHAR_COL) values ('18',null);
Insert into KINGBARAJA.TEMP_TABLE (NUM_COL,CHAR_COL) values ('19',null);
Insert into KINGBARAJA.TEMP_TABLE (NUM_COL,CHAR_COL) values ('20',null);
Insert into KINGBARAJA.TEMP_TABLE (NUM_COL,CHAR_COL) values ('21',null);
Insert into KINGBARAJA.TEMP_TABLE (NUM_COL,CHAR_COL) values ('22',null);
Insert into KINGBARAJA.TEMP_TABLE (NUM_COL,CHAR_COL) values ('23',null);
Insert into KINGBARAJA.TEMP_TABLE (NUM_COL,CHAR_COL) values ('24',null);
Insert into KINGBARAJA.TEMP_TABLE (NUM_COL,CHAR_COL) values ('25',null);
Insert into KINGBARAJA.TEMP_TABLE (NUM_COL,CHAR_COL) values ('26',null);
Insert into KINGBARAJA.TEMP_TABLE (NUM_COL,CHAR_COL) values ('27',null);
Insert into KINGBARAJA.TEMP_TABLE (NUM_COL,CHAR_COL) values ('28',null);
Insert into KINGBARAJA.TEMP_TABLE (NUM_COL,CHAR_COL) values ('29',null);
Insert into KINGBARAJA.TEMP_TABLE (NUM_COL,CHAR_COL) values ('30',null);
Insert into KINGBARAJA.TEMP_TABLE (NUM_COL,CHAR_COL) values ('31',null);
Insert into KINGBARAJA.TEMP_TABLE (NUM_COL,CHAR_COL) values ('32',null);
Insert into KINGBARAJA.TEMP_TABLE (NUM_COL,CHAR_COL) values ('33',null);
Insert into KINGBARAJA.TEMP_TABLE (NUM_COL,CHAR_COL) values ('34',null);
Insert into KINGBARAJA.TEMP_TABLE (NUM_COL,CHAR_COL) values ('35',null);
Insert into KINGBARAJA.TEMP_TABLE (NUM_COL,CHAR_COL) values ('36',null);
Insert into KINGBARAJA.TEMP_TABLE (NUM_COL,CHAR_COL) values ('37',null);
Insert into KINGBARAJA.TEMP_TABLE (NUM_COL,CHAR_COL) values ('38',null);
Insert into KINGBARAJA.TEMP_TABLE (NUM_COL,CHAR_COL) values ('39',null);
Insert into KINGBARAJA.TEMP_TABLE (NUM_COL,CHAR_COL) values ('40',null);
Insert into KINGBARAJA.TEMP_TABLE (NUM_COL,CHAR_COL) values ('41',null);
Insert into KINGBARAJA.TEMP_TABLE (NUM_COL,CHAR_COL) values ('42',null);
Insert into KINGBARAJA.TEMP_TABLE (NUM_COL,CHAR_COL) values ('43',null);
Insert into KINGBARAJA.TEMP_TABLE (NUM_COL,CHAR_COL) values ('44',null);
Insert into KINGBARAJA.TEMP_TABLE (NUM_COL,CHAR_COL) values ('45',null);
Insert into KINGBARAJA.TEMP_TABLE (NUM_COL,CHAR_COL) values ('46',null);
Insert into KINGBARAJA.TEMP_TABLE (NUM_COL,CHAR_COL) values ('47',null);
Insert into KINGBARAJA.TEMP_TABLE (NUM_COL,CHAR_COL) values ('48',null);
Insert into KINGBARAJA.TEMP_TABLE (NUM_COL,CHAR_COL) values ('49',null);
Insert into KINGBARAJA.TEMP_TABLE (NUM_COL,CHAR_COL) values ('50',null);
Insert into KINGBARAJA.TEMP_TABLE (NUM_COL,CHAR_COL) values ('1',null);
Insert into KINGBARAJA.TEMP_TABLE (NUM_COL,CHAR_COL) values ('2',null);
Insert into KINGBARAJA.TEMP_TABLE (NUM_COL,CHAR_COL) values ('3',null);
Insert into KINGBARAJA.TEMP_TABLE (NUM_COL,CHAR_COL) values ('4',null);
Insert into KINGBARAJA.TEMP_TABLE (NUM_COL,CHAR_COL) values ('5',null);
Insert into KINGBARAJA.TEMP_TABLE (NUM_COL,CHAR_COL) values ('6',null);
Insert into KINGBARAJA.TEMP_TABLE (NUM_COL,CHAR_COL) values ('7',null);
Insert into KINGBARAJA.TEMP_TABLE (NUM_COL,CHAR_COL) values ('8',null);
Insert into KINGBARAJA.TEMP_TABLE (NUM_COL,CHAR_COL) values ('9',null);
Insert into KINGBARAJA.TEMP_TABLE (NUM_COL,CHAR_COL) values ('10',null);
Insert into KINGBARAJA.TEMP_TABLE (NUM_COL,CHAR_COL) values ('11',null);
Insert into KINGBARAJA.TEMP_TABLE (NUM_COL,CHAR_COL) values ('12',null);
Insert into KINGBARAJA.TEMP_TABLE (NUM_COL,CHAR_COL) values ('13',null);
Insert into KINGBARAJA.TEMP_TABLE (NUM_COL,CHAR_COL) values ('14',null);
Insert into KINGBARAJA.TEMP_TABLE (NUM_COL,CHAR_COL) values ('15',null);
Insert into KINGBARAJA.TEMP_TABLE (NUM_COL,CHAR_COL) values ('16',null);
Insert into KINGBARAJA.TEMP_TABLE (NUM_COL,CHAR_COL) values ('17',null);
Insert into KINGBARAJA.TEMP_TABLE (NUM_COL,CHAR_COL) values ('18',null);
Insert into KINGBARAJA.TEMP_TABLE (NUM_COL,CHAR_COL) values ('19',null);
Insert into KINGBARAJA.TEMP_TABLE (NUM_COL,CHAR_COL) values ('20',null);
Insert into KINGBARAJA.TEMP_TABLE (NUM_COL,CHAR_COL) values ('21',null);
Insert into KINGBARAJA.TEMP_TABLE (NUM_COL,CHAR_COL) values ('22',null);
Insert into KINGBARAJA.TEMP_TABLE (NUM_COL,CHAR_COL) values ('23',null);
Insert into KINGBARAJA.TEMP_TABLE (NUM_COL,CHAR_COL) values ('24',null);
Insert into KINGBARAJA.TEMP_TABLE (NUM_COL,CHAR_COL) values ('25',null);
Insert into KINGBARAJA.TEMP_TABLE (NUM_COL,CHAR_COL) values ('26',null);
Insert into KINGBARAJA.TEMP_TABLE (NUM_COL,CHAR_COL) values ('27',null);
Insert into KINGBARAJA.TEMP_TABLE (NUM_COL,CHAR_COL) values ('28',null);
Insert into KINGBARAJA.TEMP_TABLE (NUM_COL,CHAR_COL) values ('29',null);
Insert into KINGBARAJA.TEMP_TABLE (NUM_COL,CHAR_COL) values ('30',null);
Insert into KINGBARAJA.TEMP_TABLE (NUM_COL,CHAR_COL) values ('31',null);
Insert into KINGBARAJA.TEMP_TABLE (NUM_COL,CHAR_COL) values ('32',null);
Insert into KINGBARAJA.TEMP_TABLE (NUM_COL,CHAR_COL) values ('33',null);
Insert into KINGBARAJA.TEMP_TABLE (NUM_COL,CHAR_COL) values ('34',null);
Insert into KINGBARAJA.TEMP_TABLE (NUM_COL,CHAR_COL) values ('35',null);
Insert into KINGBARAJA.TEMP_TABLE (NUM_COL,CHAR_COL) values ('36',null);
Insert into KINGBARAJA.TEMP_TABLE (NUM_COL,CHAR_COL) values ('37',null);
Insert into KINGBARAJA.TEMP_TABLE (NUM_COL,CHAR_COL) values ('38',null);
Insert into KINGBARAJA.TEMP_TABLE (NUM_COL,CHAR_COL) values ('39',null);
Insert into KINGBARAJA.TEMP_TABLE (NUM_COL,CHAR_COL) values ('40',null);
Insert into KINGBARAJA.TEMP_TABLE (NUM_COL,CHAR_COL) values ('41',null);
Insert into KINGBARAJA.TEMP_TABLE (NUM_COL,CHAR_COL) values ('42',null);
Insert into KINGBARAJA.TEMP_TABLE (NUM_COL,CHAR_COL) values ('43',null);
Insert into KINGBARAJA.TEMP_TABLE (NUM_COL,CHAR_COL) values ('44',null);
Insert into KINGBARAJA.TEMP_TABLE (NUM_COL,CHAR_COL) values ('45',null);
Insert into KINGBARAJA.TEMP_TABLE (NUM_COL,CHAR_COL) values ('46',null);
Insert into KINGBARAJA.TEMP_TABLE (NUM_COL,CHAR_COL) values ('47',null);
Insert into KINGBARAJA.TEMP_TABLE (NUM_COL,CHAR_COL) values ('48',null);
Insert into KINGBARAJA.TEMP_TABLE (NUM_COL,CHAR_COL) values ('49',null);
Insert into KINGBARAJA.TEMP_TABLE (NUM_COL,CHAR_COL) values ('50',null);
Insert into KINGBARAJA.TEMP_TABLE (NUM_COL,CHAR_COL) values ('1',null);
Insert into KINGBARAJA.TEMP_TABLE (NUM_COL,CHAR_COL) values ('2',null);
Insert into KINGBARAJA.TEMP_TABLE (NUM_COL,CHAR_COL) values ('3',null);
Insert into KINGBARAJA.TEMP_TABLE (NUM_COL,CHAR_COL) values ('4',null);
Insert into KINGBARAJA.TEMP_TABLE (NUM_COL,CHAR_COL) values ('5',null);
Insert into KINGBARAJA.TEMP_TABLE (NUM_COL,CHAR_COL) values ('6',null);
Insert into KINGBARAJA.TEMP_TABLE (NUM_COL,CHAR_COL) values ('7',null);
Insert into KINGBARAJA.TEMP_TABLE (NUM_COL,CHAR_COL) values ('8',null);
Insert into KINGBARAJA.TEMP_TABLE (NUM_COL,CHAR_COL) values ('9',null);
Insert into KINGBARAJA.TEMP_TABLE (NUM_COL,CHAR_COL) values ('10',null);
Insert into KINGBARAJA.TEMP_TABLE (NUM_COL,CHAR_COL) values ('11',null);
Insert into KINGBARAJA.TEMP_TABLE (NUM_COL,CHAR_COL) values ('12',null);
Insert into KINGBARAJA.TEMP_TABLE (NUM_COL,CHAR_COL) values ('13',null);
Insert into KINGBARAJA.TEMP_TABLE (NUM_COL,CHAR_COL) values ('14',null);
Insert into KINGBARAJA.TEMP_TABLE (NUM_COL,CHAR_COL) values ('15',null);
Insert into KINGBARAJA.TEMP_TABLE (NUM_COL,CHAR_COL) values ('16',null);
Insert into KINGBARAJA.TEMP_TABLE (NUM_COL,CHAR_COL) values ('17',null);
Insert into KINGBARAJA.TEMP_TABLE (NUM_COL,CHAR_COL) values ('18',null);
Insert into KINGBARAJA.TEMP_TABLE (NUM_COL,CHAR_COL) values ('19',null);
Insert into KINGBARAJA.TEMP_TABLE (NUM_COL,CHAR_COL) values ('20',null);
Insert into KINGBARAJA.TEMP_TABLE (NUM_COL,CHAR_COL) values ('21',null);
Insert into KINGBARAJA.TEMP_TABLE (NUM_COL,CHAR_COL) values ('22',null);
Insert into KINGBARAJA.TEMP_TABLE (NUM_COL,CHAR_COL) values ('23',null);
Insert into KINGBARAJA.TEMP_TABLE (NUM_COL,CHAR_COL) values ('24',null);
Insert into KINGBARAJA.TEMP_TABLE (NUM_COL,CHAR_COL) values ('25',null);
Insert into KINGBARAJA.TEMP_TABLE (NUM_COL,CHAR_COL) values ('26',null);
Insert into KINGBARAJA.TEMP_TABLE (NUM_COL,CHAR_COL) values ('27',null);
Insert into KINGBARAJA.TEMP_TABLE (NUM_COL,CHAR_COL) values ('28',null);
Insert into KINGBARAJA.TEMP_TABLE (NUM_COL,CHAR_COL) values ('29',null);
Insert into KINGBARAJA.TEMP_TABLE (NUM_COL,CHAR_COL) values ('30',null);
Insert into KINGBARAJA.TEMP_TABLE (NUM_COL,CHAR_COL) values ('31',null);
Insert into KINGBARAJA.TEMP_TABLE (NUM_COL,CHAR_COL) values ('32',null);
Insert into KINGBARAJA.TEMP_TABLE (NUM_COL,CHAR_COL) values ('33',null);
Insert into KINGBARAJA.TEMP_TABLE (NUM_COL,CHAR_COL) values ('34',null);
Insert into KINGBARAJA.TEMP_TABLE (NUM_COL,CHAR_COL) values ('35',null);
Insert into KINGBARAJA.TEMP_TABLE (NUM_COL,CHAR_COL) values ('36',null);
Insert into KINGBARAJA.TEMP_TABLE (NUM_COL,CHAR_COL) values ('37',null);
Insert into KINGBARAJA.TEMP_TABLE (NUM_COL,CHAR_COL) values ('38',null);
Insert into KINGBARAJA.TEMP_TABLE (NUM_COL,CHAR_COL) values ('39',null);
Insert into KINGBARAJA.TEMP_TABLE (NUM_COL,CHAR_COL) values ('40',null);
Insert into KINGBARAJA.TEMP_TABLE (NUM_COL,CHAR_COL) values ('41',null);
Insert into KINGBARAJA.TEMP_TABLE (NUM_COL,CHAR_COL) values ('42',null);
Insert into KINGBARAJA.TEMP_TABLE (NUM_COL,CHAR_COL) values ('43',null);
Insert into KINGBARAJA.TEMP_TABLE (NUM_COL,CHAR_COL) values ('44',null);
Insert into KINGBARAJA.TEMP_TABLE (NUM_COL,CHAR_COL) values ('45',null);
Insert into KINGBARAJA.TEMP_TABLE (NUM_COL,CHAR_COL) values ('46',null);
Insert into KINGBARAJA.TEMP_TABLE (NUM_COL,CHAR_COL) values ('47',null);
Insert into KINGBARAJA.TEMP_TABLE (NUM_COL,CHAR_COL) values ('48',null);
Insert into KINGBARAJA.TEMP_TABLE (NUM_COL,CHAR_COL) values ('49',null);
Insert into KINGBARAJA.TEMP_TABLE (NUM_COL,CHAR_COL) values ('50',null);
Insert into KINGBARAJA.TEMP_TABLE (NUM_COL,CHAR_COL) values ('1',null);
Insert into KINGBARAJA.TEMP_TABLE (NUM_COL,CHAR_COL) values ('2',null);
Insert into KINGBARAJA.TEMP_TABLE (NUM_COL,CHAR_COL) values ('3',null);
Insert into KINGBARAJA.TEMP_TABLE (NUM_COL,CHAR_COL) values ('4',null);
Insert into KINGBARAJA.TEMP_TABLE (NUM_COL,CHAR_COL) values ('5',null);
Insert into KINGBARAJA.TEMP_TABLE (NUM_COL,CHAR_COL) values ('6',null);
Insert into KINGBARAJA.TEMP_TABLE (NUM_COL,CHAR_COL) values ('7',null);
Insert into KINGBARAJA.TEMP_TABLE (NUM_COL,CHAR_COL) values ('8',null);
Insert into KINGBARAJA.TEMP_TABLE (NUM_COL,CHAR_COL) values ('9',null);
Insert into KINGBARAJA.TEMP_TABLE (NUM_COL,CHAR_COL) values ('10',null);
Insert into KINGBARAJA.TEMP_TABLE (NUM_COL,CHAR_COL) values ('11',null);
Insert into KINGBARAJA.TEMP_TABLE (NUM_COL,CHAR_COL) values ('12',null);
Insert into KINGBARAJA.TEMP_TABLE (NUM_COL,CHAR_COL) values ('13',null);
Insert into KINGBARAJA.TEMP_TABLE (NUM_COL,CHAR_COL) values ('14',null);
Insert into KINGBARAJA.TEMP_TABLE (NUM_COL,CHAR_COL) values ('15',null);
Insert into KINGBARAJA.TEMP_TABLE (NUM_COL,CHAR_COL) values ('16',null);
Insert into KINGBARAJA.TEMP_TABLE (NUM_COL,CHAR_COL) values ('17',null);
Insert into KINGBARAJA.TEMP_TABLE (NUM_COL,CHAR_COL) values ('18',null);
Insert into KINGBARAJA.TEMP_TABLE (NUM_COL,CHAR_COL) values ('19',null);
Insert into KINGBARAJA.TEMP_TABLE (NUM_COL,CHAR_COL) values ('20',null);
Insert into KINGBARAJA.TEMP_TABLE (NUM_COL,CHAR_COL) values ('21',null);
Insert into KINGBARAJA.TEMP_TABLE (NUM_COL,CHAR_COL) values ('22',null);
Insert into KINGBARAJA.TEMP_TABLE (NUM_COL,CHAR_COL) values ('23',null);
Insert into KINGBARAJA.TEMP_TABLE (NUM_COL,CHAR_COL) values ('24',null);
Insert into KINGBARAJA.TEMP_TABLE (NUM_COL,CHAR_COL) values ('25',null);
Insert into KINGBARAJA.TEMP_TABLE (NUM_COL,CHAR_COL) values ('26',null);
Insert into KINGBARAJA.TEMP_TABLE (NUM_COL,CHAR_COL) values ('27',null);
Insert into KINGBARAJA.TEMP_TABLE (NUM_COL,CHAR_COL) values ('28',null);
Insert into KINGBARAJA.TEMP_TABLE (NUM_COL,CHAR_COL) values ('29',null);
Insert into KINGBARAJA.TEMP_TABLE (NUM_COL,CHAR_COL) values ('30',null);
Insert into KINGBARAJA.TEMP_TABLE (NUM_COL,CHAR_COL) values ('31',null);
Insert into KINGBARAJA.TEMP_TABLE (NUM_COL,CHAR_COL) values ('32',null);
Insert into KINGBARAJA.TEMP_TABLE (NUM_COL,CHAR_COL) values ('33',null);
Insert into KINGBARAJA.TEMP_TABLE (NUM_COL,CHAR_COL) values ('34',null);
Insert into KINGBARAJA.TEMP_TABLE (NUM_COL,CHAR_COL) values ('35',null);
Insert into KINGBARAJA.TEMP_TABLE (NUM_COL,CHAR_COL) values ('36',null);
Insert into KINGBARAJA.TEMP_TABLE (NUM_COL,CHAR_COL) values ('37',null);
Insert into KINGBARAJA.TEMP_TABLE (NUM_COL,CHAR_COL) values ('38',null);
Insert into KINGBARAJA.TEMP_TABLE (NUM_COL,CHAR_COL) values ('39',null);
Insert into KINGBARAJA.TEMP_TABLE (NUM_COL,CHAR_COL) values ('40',null);
Insert into KINGBARAJA.TEMP_TABLE (NUM_COL,CHAR_COL) values ('41',null);
Insert into KINGBARAJA.TEMP_TABLE (NUM_COL,CHAR_COL) values ('42',null);
Insert into KINGBARAJA.TEMP_TABLE (NUM_COL,CHAR_COL) values ('43',null);
Insert into KINGBARAJA.TEMP_TABLE (NUM_COL,CHAR_COL) values ('44',null);
Insert into KINGBARAJA.TEMP_TABLE (NUM_COL,CHAR_COL) values ('45',null);
Insert into KINGBARAJA.TEMP_TABLE (NUM_COL,CHAR_COL) values ('46',null);
Insert into KINGBARAJA.TEMP_TABLE (NUM_COL,CHAR_COL) values ('47',null);
Insert into KINGBARAJA.TEMP_TABLE (NUM_COL,CHAR_COL) values ('48',null);
Insert into KINGBARAJA.TEMP_TABLE (NUM_COL,CHAR_COL) values ('49',null);
Insert into KINGBARAJA.TEMP_TABLE (NUM_COL,CHAR_COL) values ('50',null);
Insert into KINGBARAJA.TEMP_TABLE (NUM_COL,CHAR_COL) values ('1',null);
Insert into KINGBARAJA.TEMP_TABLE (NUM_COL,CHAR_COL) values ('2',null);
Insert into KINGBARAJA.TEMP_TABLE (NUM_COL,CHAR_COL) values ('3',null);
Insert into KINGBARAJA.TEMP_TABLE (NUM_COL,CHAR_COL) values ('4',null);
Insert into KINGBARAJA.TEMP_TABLE (NUM_COL,CHAR_COL) values ('5',null);
Insert into KINGBARAJA.TEMP_TABLE (NUM_COL,CHAR_COL) values ('6',null);
Insert into KINGBARAJA.TEMP_TABLE (NUM_COL,CHAR_COL) values ('7',null);
Insert into KINGBARAJA.TEMP_TABLE (NUM_COL,CHAR_COL) values ('8',null);
Insert into KINGBARAJA.TEMP_TABLE (NUM_COL,CHAR_COL) values ('9',null);
Insert into KINGBARAJA.TEMP_TABLE (NUM_COL,CHAR_COL) values ('10',null);
Insert into KINGBARAJA.TEMP_TABLE (NUM_COL,CHAR_COL) values ('1',null);
Insert into KINGBARAJA.TEMP_TABLE (NUM_COL,CHAR_COL) values ('2',null);
Insert into KINGBARAJA.TEMP_TABLE (NUM_COL,CHAR_COL) values ('3',null);
Insert into KINGBARAJA.TEMP_TABLE (NUM_COL,CHAR_COL) values ('4',null);
Insert into KINGBARAJA.TEMP_TABLE (NUM_COL,CHAR_COL) values ('5',null);
Insert into KINGBARAJA.TEMP_TABLE (NUM_COL,CHAR_COL) values ('6',null);
Insert into KINGBARAJA.TEMP_TABLE (NUM_COL,CHAR_COL) values ('7',null);
Insert into KINGBARAJA.TEMP_TABLE (NUM_COL,CHAR_COL) values ('8',null);
Insert into KINGBARAJA.TEMP_TABLE (NUM_COL,CHAR_COL) values ('9',null);
Insert into KINGBARAJA.TEMP_TABLE (NUM_COL,CHAR_COL) values ('10',null);
Insert into KINGBARAJA.TEMP_TABLE (NUM_COL,CHAR_COL) values ('11',null);
Insert into KINGBARAJA.TEMP_TABLE (NUM_COL,CHAR_COL) values ('12',null);
Insert into KINGBARAJA.TEMP_TABLE (NUM_COL,CHAR_COL) values ('13',null);
Insert into KINGBARAJA.TEMP_TABLE (NUM_COL,CHAR_COL) values ('14',null);
Insert into KINGBARAJA.TEMP_TABLE (NUM_COL,CHAR_COL) values ('15',null);
Insert into KINGBARAJA.TEMP_TABLE (NUM_COL,CHAR_COL) values ('16',null);
Insert into KINGBARAJA.TEMP_TABLE (NUM_COL,CHAR_COL) values ('17',null);
Insert into KINGBARAJA.TEMP_TABLE (NUM_COL,CHAR_COL) values ('18',null);
Insert into KINGBARAJA.TEMP_TABLE (NUM_COL,CHAR_COL) values ('19',null);
Insert into KINGBARAJA.TEMP_TABLE (NUM_COL,CHAR_COL) values ('20',null);
Insert into KINGBARAJA.TEMP_TABLE (NUM_COL,CHAR_COL) values ('21',null);
Insert into KINGBARAJA.TEMP_TABLE (NUM_COL,CHAR_COL) values ('22',null);
Insert into KINGBARAJA.TEMP_TABLE (NUM_COL,CHAR_COL) values ('23',null);
Insert into KINGBARAJA.TEMP_TABLE (NUM_COL,CHAR_COL) values ('24',null);
Insert into KINGBARAJA.TEMP_TABLE (NUM_COL,CHAR_COL) values ('25',null);
Insert into KINGBARAJA.TEMP_TABLE (NUM_COL,CHAR_COL) values ('26',null);
Insert into KINGBARAJA.TEMP_TABLE (NUM_COL,CHAR_COL) values ('27',null);
Insert into KINGBARAJA.TEMP_TABLE (NUM_COL,CHAR_COL) values ('28',null);
Insert into KINGBARAJA.TEMP_TABLE (NUM_COL,CHAR_COL) values ('29',null);
Insert into KINGBARAJA.TEMP_TABLE (NUM_COL,CHAR_COL) values ('30',null);
Insert into KINGBARAJA.TEMP_TABLE (NUM_COL,CHAR_COL) values ('31',null);
Insert into KINGBARAJA.TEMP_TABLE (NUM_COL,CHAR_COL) values ('32',null);
Insert into KINGBARAJA.TEMP_TABLE (NUM_COL,CHAR_COL) values ('33',null);
Insert into KINGBARAJA.TEMP_TABLE (NUM_COL,CHAR_COL) values ('34',null);
Insert into KINGBARAJA.TEMP_TABLE (NUM_COL,CHAR_COL) values ('35',null);
Insert into KINGBARAJA.TEMP_TABLE (NUM_COL,CHAR_COL) values ('36',null);
Insert into KINGBARAJA.TEMP_TABLE (NUM_COL,CHAR_COL) values ('37',null);
Insert into KINGBARAJA.TEMP_TABLE (NUM_COL,CHAR_COL) values ('38',null);
Insert into KINGBARAJA.TEMP_TABLE (NUM_COL,CHAR_COL) values ('39',null);
Insert into KINGBARAJA.TEMP_TABLE (NUM_COL,CHAR_COL) values ('40',null);
Insert into KINGBARAJA.TEMP_TABLE (NUM_COL,CHAR_COL) values ('41',null);
Insert into KINGBARAJA.TEMP_TABLE (NUM_COL,CHAR_COL) values ('42',null);
Insert into KINGBARAJA.TEMP_TABLE (NUM_COL,CHAR_COL) values ('43',null);
Insert into KINGBARAJA.TEMP_TABLE (NUM_COL,CHAR_COL) values ('44',null);
Insert into KINGBARAJA.TEMP_TABLE (NUM_COL,CHAR_COL) values ('45',null);
Insert into KINGBARAJA.TEMP_TABLE (NUM_COL,CHAR_COL) values ('46',null);
Insert into KINGBARAJA.TEMP_TABLE (NUM_COL,CHAR_COL) values ('47',null);
Insert into KINGBARAJA.TEMP_TABLE (NUM_COL,CHAR_COL) values ('48',null);
Insert into KINGBARAJA.TEMP_TABLE (NUM_COL,CHAR_COL) values ('49',null);
Insert into KINGBARAJA.TEMP_TABLE (NUM_COL,CHAR_COL) values ('50',null);
Insert into KINGBARAJA.TEMP_TABLE (NUM_COL,CHAR_COL) values ('1',null);
Insert into KINGBARAJA.TEMP_TABLE (NUM_COL,CHAR_COL) values ('2',null);
Insert into KINGBARAJA.TEMP_TABLE (NUM_COL,CHAR_COL) values ('3',null);
Insert into KINGBARAJA.TEMP_TABLE (NUM_COL,CHAR_COL) values ('4',null);
Insert into KINGBARAJA.TEMP_TABLE (NUM_COL,CHAR_COL) values ('5',null);
Insert into KINGBARAJA.TEMP_TABLE (NUM_COL,CHAR_COL) values ('6',null);
Insert into KINGBARAJA.TEMP_TABLE (NUM_COL,CHAR_COL) values ('7',null);
Insert into KINGBARAJA.TEMP_TABLE (NUM_COL,CHAR_COL) values ('8',null);
Insert into KINGBARAJA.TEMP_TABLE (NUM_COL,CHAR_COL) values ('9',null);
Insert into KINGBARAJA.TEMP_TABLE (NUM_COL,CHAR_COL) values ('10',null);
Insert into KINGBARAJA.TEMP_TABLE (NUM_COL,CHAR_COL) values ('11',null);
Insert into KINGBARAJA.TEMP_TABLE (NUM_COL,CHAR_COL) values ('12',null);
Insert into KINGBARAJA.TEMP_TABLE (NUM_COL,CHAR_COL) values ('13',null);
Insert into KINGBARAJA.TEMP_TABLE (NUM_COL,CHAR_COL) values ('14',null);
Insert into KINGBARAJA.TEMP_TABLE (NUM_COL,CHAR_COL) values ('15',null);
Insert into KINGBARAJA.TEMP_TABLE (NUM_COL,CHAR_COL) values ('16',null);
Insert into KINGBARAJA.TEMP_TABLE (NUM_COL,CHAR_COL) values ('17',null);
Insert into KINGBARAJA.TEMP_TABLE (NUM_COL,CHAR_COL) values ('18',null);
Insert into KINGBARAJA.TEMP_TABLE (NUM_COL,CHAR_COL) values ('19',null);
Insert into KINGBARAJA.TEMP_TABLE (NUM_COL,CHAR_COL) values ('20',null);
Insert into KINGBARAJA.TEMP_TABLE (NUM_COL,CHAR_COL) values ('21',null);
Insert into KINGBARAJA.TEMP_TABLE (NUM_COL,CHAR_COL) values ('22',null);
Insert into KINGBARAJA.TEMP_TABLE (NUM_COL,CHAR_COL) values ('23',null);
Insert into KINGBARAJA.TEMP_TABLE (NUM_COL,CHAR_COL) values ('24',null);
Insert into KINGBARAJA.TEMP_TABLE (NUM_COL,CHAR_COL) values ('25',null);
Insert into KINGBARAJA.TEMP_TABLE (NUM_COL,CHAR_COL) values ('26',null);
Insert into KINGBARAJA.TEMP_TABLE (NUM_COL,CHAR_COL) values ('27',null);
Insert into KINGBARAJA.TEMP_TABLE (NUM_COL,CHAR_COL) values ('28',null);
Insert into KINGBARAJA.TEMP_TABLE (NUM_COL,CHAR_COL) values ('29',null);
Insert into KINGBARAJA.TEMP_TABLE (NUM_COL,CHAR_COL) values ('30',null);
Insert into KINGBARAJA.TEMP_TABLE (NUM_COL,CHAR_COL) values ('31',null);
Insert into KINGBARAJA.TEMP_TABLE (NUM_COL,CHAR_COL) values ('32',null);
Insert into KINGBARAJA.TEMP_TABLE (NUM_COL,CHAR_COL) values ('33',null);
Insert into KINGBARAJA.TEMP_TABLE (NUM_COL,CHAR_COL) values ('34',null);
Insert into KINGBARAJA.TEMP_TABLE (NUM_COL,CHAR_COL) values ('35',null);
Insert into KINGBARAJA.TEMP_TABLE (NUM_COL,CHAR_COL) values ('36',null);
Insert into KINGBARAJA.TEMP_TABLE (NUM_COL,CHAR_COL) values ('37',null);
Insert into KINGBARAJA.TEMP_TABLE (NUM_COL,CHAR_COL) values ('38',null);
Insert into KINGBARAJA.TEMP_TABLE (NUM_COL,CHAR_COL) values ('39',null);
Insert into KINGBARAJA.TEMP_TABLE (NUM_COL,CHAR_COL) values ('40',null);
Insert into KINGBARAJA.TEMP_TABLE (NUM_COL,CHAR_COL) values ('41',null);
Insert into KINGBARAJA.TEMP_TABLE (NUM_COL,CHAR_COL) values ('42',null);
Insert into KINGBARAJA.TEMP_TABLE (NUM_COL,CHAR_COL) values ('43',null);
Insert into KINGBARAJA.TEMP_TABLE (NUM_COL,CHAR_COL) values ('44',null);
Insert into KINGBARAJA.TEMP_TABLE (NUM_COL,CHAR_COL) values ('45',null);
Insert into KINGBARAJA.TEMP_TABLE (NUM_COL,CHAR_COL) values ('46',null);
Insert into KINGBARAJA.TEMP_TABLE (NUM_COL,CHAR_COL) values ('47',null);
Insert into KINGBARAJA.TEMP_TABLE (NUM_COL,CHAR_COL) values ('48',null);
Insert into KINGBARAJA.TEMP_TABLE (NUM_COL,CHAR_COL) values ('49',null);
Insert into KINGBARAJA.TEMP_TABLE (NUM_COL,CHAR_COL) values ('50',null);
Insert into KINGBARAJA.TEMP_TABLE (NUM_COL,CHAR_COL) values ('1',null);
Insert into KINGBARAJA.TEMP_TABLE (NUM_COL,CHAR_COL) values ('2',null);
Insert into KINGBARAJA.TEMP_TABLE (NUM_COL,CHAR_COL) values ('3',null);
Insert into KINGBARAJA.TEMP_TABLE (NUM_COL,CHAR_COL) values ('4',null);
Insert into KINGBARAJA.TEMP_TABLE (NUM_COL,CHAR_COL) values ('5',null);
Insert into KINGBARAJA.TEMP_TABLE (NUM_COL,CHAR_COL) values ('6',null);
Insert into KINGBARAJA.TEMP_TABLE (NUM_COL,CHAR_COL) values ('7',null);
Insert into KINGBARAJA.TEMP_TABLE (NUM_COL,CHAR_COL) values ('8',null);
Insert into KINGBARAJA.TEMP_TABLE (NUM_COL,CHAR_COL) values ('9',null);
Insert into KINGBARAJA.TEMP_TABLE (NUM_COL,CHAR_COL) values ('10',null);
Insert into KINGBARAJA.TEMP_TABLE (NUM_COL,CHAR_COL) values ('11',null);
Insert into KINGBARAJA.TEMP_TABLE (NUM_COL,CHAR_COL) values ('12',null);
Insert into KINGBARAJA.TEMP_TABLE (NUM_COL,CHAR_COL) values ('13',null);
Insert into KINGBARAJA.TEMP_TABLE (NUM_COL,CHAR_COL) values ('14',null);
Insert into KINGBARAJA.TEMP_TABLE (NUM_COL,CHAR_COL) values ('15',null);
Insert into KINGBARAJA.TEMP_TABLE (NUM_COL,CHAR_COL) values ('16',null);
Insert into KINGBARAJA.TEMP_TABLE (NUM_COL,CHAR_COL) values ('17',null);
Insert into KINGBARAJA.TEMP_TABLE (NUM_COL,CHAR_COL) values ('18',null);
Insert into KINGBARAJA.TEMP_TABLE (NUM_COL,CHAR_COL) values ('19',null);
Insert into KINGBARAJA.TEMP_TABLE (NUM_COL,CHAR_COL) values ('20',null);
Insert into KINGBARAJA.TEMP_TABLE (NUM_COL,CHAR_COL) values ('21',null);
Insert into KINGBARAJA.TEMP_TABLE (NUM_COL,CHAR_COL) values ('22',null);
Insert into KINGBARAJA.TEMP_TABLE (NUM_COL,CHAR_COL) values ('23',null);
Insert into KINGBARAJA.TEMP_TABLE (NUM_COL,CHAR_COL) values ('24',null);
Insert into KINGBARAJA.TEMP_TABLE (NUM_COL,CHAR_COL) values ('25',null);
Insert into KINGBARAJA.TEMP_TABLE (NUM_COL,CHAR_COL) values ('26',null);
Insert into KINGBARAJA.TEMP_TABLE (NUM_COL,CHAR_COL) values ('27',null);
Insert into KINGBARAJA.TEMP_TABLE (NUM_COL,CHAR_COL) values ('28',null);
Insert into KINGBARAJA.TEMP_TABLE (NUM_COL,CHAR_COL) values ('29',null);
Insert into KINGBARAJA.TEMP_TABLE (NUM_COL,CHAR_COL) values ('30',null);
Insert into KINGBARAJA.TEMP_TABLE (NUM_COL,CHAR_COL) values ('31',null);
Insert into KINGBARAJA.TEMP_TABLE (NUM_COL,CHAR_COL) values ('32',null);
Insert into KINGBARAJA.TEMP_TABLE (NUM_COL,CHAR_COL) values ('33',null);
Insert into KINGBARAJA.TEMP_TABLE (NUM_COL,CHAR_COL) values ('34',null);
Insert into KINGBARAJA.TEMP_TABLE (NUM_COL,CHAR_COL) values ('35',null);
Insert into KINGBARAJA.TEMP_TABLE (NUM_COL,CHAR_COL) values ('36',null);
Insert into KINGBARAJA.TEMP_TABLE (NUM_COL,CHAR_COL) values ('37',null);
Insert into KINGBARAJA.TEMP_TABLE (NUM_COL,CHAR_COL) values ('38',null);
Insert into KINGBARAJA.TEMP_TABLE (NUM_COL,CHAR_COL) values ('39',null);
Insert into KINGBARAJA.TEMP_TABLE (NUM_COL,CHAR_COL) values ('40',null);
Insert into KINGBARAJA.TEMP_TABLE (NUM_COL,CHAR_COL) values ('41',null);
Insert into KINGBARAJA.TEMP_TABLE (NUM_COL,CHAR_COL) values ('42',null);
Insert into KINGBARAJA.TEMP_TABLE (NUM_COL,CHAR_COL) values ('43',null);
Insert into KINGBARAJA.TEMP_TABLE (NUM_COL,CHAR_COL) values ('44',null);
Insert into KINGBARAJA.TEMP_TABLE (NUM_COL,CHAR_COL) values ('45',null);
Insert into KINGBARAJA.TEMP_TABLE (NUM_COL,CHAR_COL) values ('46',null);
Insert into KINGBARAJA.TEMP_TABLE (NUM_COL,CHAR_COL) values ('47',null);
Insert into KINGBARAJA.TEMP_TABLE (NUM_COL,CHAR_COL) values ('48',null);
Insert into KINGBARAJA.TEMP_TABLE (NUM_COL,CHAR_COL) values ('49',null);
Insert into KINGBARAJA.TEMP_TABLE (NUM_COL,CHAR_COL) values ('50',null);
Insert into KINGBARAJA.TEMP_TABLE (NUM_COL,CHAR_COL) values ('1',null);
Insert into KINGBARAJA.TEMP_TABLE (NUM_COL,CHAR_COL) values ('2',null);
Insert into KINGBARAJA.TEMP_TABLE (NUM_COL,CHAR_COL) values ('3',null);
Insert into KINGBARAJA.TEMP_TABLE (NUM_COL,CHAR_COL) values ('4',null);
Insert into KINGBARAJA.TEMP_TABLE (NUM_COL,CHAR_COL) values ('5',null);
Insert into KINGBARAJA.TEMP_TABLE (NUM_COL,CHAR_COL) values ('6',null);
Insert into KINGBARAJA.TEMP_TABLE (NUM_COL,CHAR_COL) values ('7',null);
Insert into KINGBARAJA.TEMP_TABLE (NUM_COL,CHAR_COL) values ('8',null);
Insert into KINGBARAJA.TEMP_TABLE (NUM_COL,CHAR_COL) values ('9',null);
Insert into KINGBARAJA.TEMP_TABLE (NUM_COL,CHAR_COL) values ('10',null);
Insert into KINGBARAJA.TEMP_TABLE (NUM_COL,CHAR_COL) values ('11',null);
Insert into KINGBARAJA.TEMP_TABLE (NUM_COL,CHAR_COL) values ('12',null);
Insert into KINGBARAJA.TEMP_TABLE (NUM_COL,CHAR_COL) values ('13',null);
Insert into KINGBARAJA.TEMP_TABLE (NUM_COL,CHAR_COL) values ('14',null);
Insert into KINGBARAJA.TEMP_TABLE (NUM_COL,CHAR_COL) values ('15',null);
Insert into KINGBARAJA.TEMP_TABLE (NUM_COL,CHAR_COL) values ('16',null);
Insert into KINGBARAJA.TEMP_TABLE (NUM_COL,CHAR_COL) values ('17',null);
Insert into KINGBARAJA.TEMP_TABLE (NUM_COL,CHAR_COL) values ('18',null);
Insert into KINGBARAJA.TEMP_TABLE (NUM_COL,CHAR_COL) values ('19',null);
Insert into KINGBARAJA.TEMP_TABLE (NUM_COL,CHAR_COL) values ('20',null);
Insert into KINGBARAJA.TEMP_TABLE (NUM_COL,CHAR_COL) values ('21',null);
Insert into KINGBARAJA.TEMP_TABLE (NUM_COL,CHAR_COL) values ('22',null);
Insert into KINGBARAJA.TEMP_TABLE (NUM_COL,CHAR_COL) values ('23',null);
Insert into KINGBARAJA.TEMP_TABLE (NUM_COL,CHAR_COL) values ('24',null);
Insert into KINGBARAJA.TEMP_TABLE (NUM_COL,CHAR_COL) values ('25',null);
Insert into KINGBARAJA.TEMP_TABLE (NUM_COL,CHAR_COL) values ('26',null);
Insert into KINGBARAJA.TEMP_TABLE (NUM_COL,CHAR_COL) values ('27',null);
Insert into KINGBARAJA.TEMP_TABLE (NUM_COL,CHAR_COL) values ('28',null);
Insert into KINGBARAJA.TEMP_TABLE (NUM_COL,CHAR_COL) values ('29',null);
Insert into KINGBARAJA.TEMP_TABLE (NUM_COL,CHAR_COL) values ('30',null);
Insert into KINGBARAJA.TEMP_TABLE (NUM_COL,CHAR_COL) values ('31',null);
Insert into KINGBARAJA.TEMP_TABLE (NUM_COL,CHAR_COL) values ('32',null);
Insert into KINGBARAJA.TEMP_TABLE (NUM_COL,CHAR_COL) values ('33',null);
Insert into KINGBARAJA.TEMP_TABLE (NUM_COL,CHAR_COL) values ('34',null);
Insert into KINGBARAJA.TEMP_TABLE (NUM_COL,CHAR_COL) values ('35',null);
Insert into KINGBARAJA.TEMP_TABLE (NUM_COL,CHAR_COL) values ('36',null);
Insert into KINGBARAJA.TEMP_TABLE (NUM_COL,CHAR_COL) values ('37',null);
Insert into KINGBARAJA.TEMP_TABLE (NUM_COL,CHAR_COL) values ('38',null);
Insert into KINGBARAJA.TEMP_TABLE (NUM_COL,CHAR_COL) values ('39',null);
Insert into KINGBARAJA.TEMP_TABLE (NUM_COL,CHAR_COL) values ('40',null);
Insert into KINGBARAJA.TEMP_TABLE (NUM_COL,CHAR_COL) values ('41',null);
Insert into KINGBARAJA.TEMP_TABLE (NUM_COL,CHAR_COL) values ('42',null);
Insert into KINGBARAJA.TEMP_TABLE (NUM_COL,CHAR_COL) values ('43',null);
Insert into KINGBARAJA.TEMP_TABLE (NUM_COL,CHAR_COL) values ('44',null);
Insert into KINGBARAJA.TEMP_TABLE (NUM_COL,CHAR_COL) values ('45',null);
Insert into KINGBARAJA.TEMP_TABLE (NUM_COL,CHAR_COL) values ('46',null);
Insert into KINGBARAJA.TEMP_TABLE (NUM_COL,CHAR_COL) values ('47',null);
Insert into KINGBARAJA.TEMP_TABLE (NUM_COL,CHAR_COL) values ('48',null);
Insert into KINGBARAJA.TEMP_TABLE (NUM_COL,CHAR_COL) values ('49',null);
Insert into KINGBARAJA.TEMP_TABLE (NUM_COL,CHAR_COL) values ('50',null);
Insert into KINGBARAJA.TEMP_TABLE (NUM_COL,CHAR_COL) values ('11',null);
Insert into KINGBARAJA.TEMP_TABLE (NUM_COL,CHAR_COL) values ('12',null);
Insert into KINGBARAJA.TEMP_TABLE (NUM_COL,CHAR_COL) values ('13',null);
Insert into KINGBARAJA.TEMP_TABLE (NUM_COL,CHAR_COL) values ('14',null);
Insert into KINGBARAJA.TEMP_TABLE (NUM_COL,CHAR_COL) values ('15',null);
Insert into KINGBARAJA.TEMP_TABLE (NUM_COL,CHAR_COL) values ('16',null);
Insert into KINGBARAJA.TEMP_TABLE (NUM_COL,CHAR_COL) values ('17',null);
Insert into KINGBARAJA.TEMP_TABLE (NUM_COL,CHAR_COL) values ('18',null);
Insert into KINGBARAJA.TEMP_TABLE (NUM_COL,CHAR_COL) values ('19',null);
Insert into KINGBARAJA.TEMP_TABLE (NUM_COL,CHAR_COL) values ('20',null);
Insert into KINGBARAJA.TEMP_TABLE (NUM_COL,CHAR_COL) values ('21',null);
Insert into KINGBARAJA.TEMP_TABLE (NUM_COL,CHAR_COL) values ('22',null);
Insert into KINGBARAJA.TEMP_TABLE (NUM_COL,CHAR_COL) values ('23',null);
Insert into KINGBARAJA.TEMP_TABLE (NUM_COL,CHAR_COL) values ('24',null);
Insert into KINGBARAJA.TEMP_TABLE (NUM_COL,CHAR_COL) values ('25',null);
Insert into KINGBARAJA.TEMP_TABLE (NUM_COL,CHAR_COL) values ('26',null);
Insert into KINGBARAJA.TEMP_TABLE (NUM_COL,CHAR_COL) values ('27',null);
Insert into KINGBARAJA.TEMP_TABLE (NUM_COL,CHAR_COL) values ('28',null);
Insert into KINGBARAJA.TEMP_TABLE (NUM_COL,CHAR_COL) values ('29',null);
Insert into KINGBARAJA.TEMP_TABLE (NUM_COL,CHAR_COL) values ('30',null);
Insert into KINGBARAJA.TEMP_TABLE (NUM_COL,CHAR_COL) values ('31',null);
Insert into KINGBARAJA.TEMP_TABLE (NUM_COL,CHAR_COL) values ('32',null);
Insert into KINGBARAJA.TEMP_TABLE (NUM_COL,CHAR_COL) values ('33',null);
Insert into KINGBARAJA.TEMP_TABLE (NUM_COL,CHAR_COL) values ('34',null);
Insert into KINGBARAJA.TEMP_TABLE (NUM_COL,CHAR_COL) values ('35',null);
Insert into KINGBARAJA.TEMP_TABLE (NUM_COL,CHAR_COL) values ('36',null);
Insert into KINGBARAJA.TEMP_TABLE (NUM_COL,CHAR_COL) values ('37',null);
Insert into KINGBARAJA.TEMP_TABLE (NUM_COL,CHAR_COL) values ('38',null);
Insert into KINGBARAJA.TEMP_TABLE (NUM_COL,CHAR_COL) values ('39',null);
Insert into KINGBARAJA.TEMP_TABLE (NUM_COL,CHAR_COL) values ('40',null);
Insert into KINGBARAJA.TEMP_TABLE (NUM_COL,CHAR_COL) values ('41',null);
Insert into KINGBARAJA.TEMP_TABLE (NUM_COL,CHAR_COL) values ('42',null);
Insert into KINGBARAJA.TEMP_TABLE (NUM_COL,CHAR_COL) values ('43',null);
Insert into KINGBARAJA.TEMP_TABLE (NUM_COL,CHAR_COL) values ('44',null);
Insert into KINGBARAJA.TEMP_TABLE (NUM_COL,CHAR_COL) values ('45',null);
Insert into KINGBARAJA.TEMP_TABLE (NUM_COL,CHAR_COL) values ('46',null);
Insert into KINGBARAJA.TEMP_TABLE (NUM_COL,CHAR_COL) values ('47',null);
Insert into KINGBARAJA.TEMP_TABLE (NUM_COL,CHAR_COL) values ('48',null);
Insert into KINGBARAJA.TEMP_TABLE (NUM_COL,CHAR_COL) values ('49',null);
Insert into KINGBARAJA.TEMP_TABLE (NUM_COL,CHAR_COL) values ('50',null);
Insert into KINGBARAJA.TEMP_TABLE (NUM_COL,CHAR_COL) values ('1',null);
Insert into KINGBARAJA.TEMP_TABLE (NUM_COL,CHAR_COL) values ('2',null);
Insert into KINGBARAJA.TEMP_TABLE (NUM_COL,CHAR_COL) values ('3',null);
Insert into KINGBARAJA.TEMP_TABLE (NUM_COL,CHAR_COL) values ('4',null);
Insert into KINGBARAJA.TEMP_TABLE (NUM_COL,CHAR_COL) values ('5',null);
Insert into KINGBARAJA.TEMP_TABLE (NUM_COL,CHAR_COL) values ('6',null);
Insert into KINGBARAJA.TEMP_TABLE (NUM_COL,CHAR_COL) values ('7',null);
Insert into KINGBARAJA.TEMP_TABLE (NUM_COL,CHAR_COL) values ('8',null);
Insert into KINGBARAJA.TEMP_TABLE (NUM_COL,CHAR_COL) values ('9',null);
Insert into KINGBARAJA.TEMP_TABLE (NUM_COL,CHAR_COL) values ('10',null);
Insert into KINGBARAJA.TEMP_TABLE (NUM_COL,CHAR_COL) values ('11',null);
Insert into KINGBARAJA.TEMP_TABLE (NUM_COL,CHAR_COL) values ('12',null);
Insert into KINGBARAJA.TEMP_TABLE (NUM_COL,CHAR_COL) values ('13',null);
Insert into KINGBARAJA.TEMP_TABLE (NUM_COL,CHAR_COL) values ('14',null);
Insert into KINGBARAJA.TEMP_TABLE (NUM_COL,CHAR_COL) values ('15',null);
Insert into KINGBARAJA.TEMP_TABLE (NUM_COL,CHAR_COL) values ('16',null);
Insert into KINGBARAJA.TEMP_TABLE (NUM_COL,CHAR_COL) values ('17',null);
Insert into KINGBARAJA.TEMP_TABLE (NUM_COL,CHAR_COL) values ('18',null);
Insert into KINGBARAJA.TEMP_TABLE (NUM_COL,CHAR_COL) values ('19',null);
Insert into KINGBARAJA.TEMP_TABLE (NUM_COL,CHAR_COL) values ('20',null);
Insert into KINGBARAJA.TEMP_TABLE (NUM_COL,CHAR_COL) values ('21',null);
Insert into KINGBARAJA.TEMP_TABLE (NUM_COL,CHAR_COL) values ('22',null);
Insert into KINGBARAJA.TEMP_TABLE (NUM_COL,CHAR_COL) values ('23',null);
Insert into KINGBARAJA.TEMP_TABLE (NUM_COL,CHAR_COL) values ('24',null);
Insert into KINGBARAJA.TEMP_TABLE (NUM_COL,CHAR_COL) values ('25',null);
Insert into KINGBARAJA.TEMP_TABLE (NUM_COL,CHAR_COL) values ('26',null);
Insert into KINGBARAJA.TEMP_TABLE (NUM_COL,CHAR_COL) values ('27',null);
Insert into KINGBARAJA.TEMP_TABLE (NUM_COL,CHAR_COL) values ('28',null);
Insert into KINGBARAJA.TEMP_TABLE (NUM_COL,CHAR_COL) values ('29',null);
Insert into KINGBARAJA.TEMP_TABLE (NUM_COL,CHAR_COL) values ('30',null);
Insert into KINGBARAJA.TEMP_TABLE (NUM_COL,CHAR_COL) values ('31',null);
Insert into KINGBARAJA.TEMP_TABLE (NUM_COL,CHAR_COL) values ('32',null);
Insert into KINGBARAJA.TEMP_TABLE (NUM_COL,CHAR_COL) values ('33',null);
Insert into KINGBARAJA.TEMP_TABLE (NUM_COL,CHAR_COL) values ('34',null);
Insert into KINGBARAJA.TEMP_TABLE (NUM_COL,CHAR_COL) values ('35',null);
Insert into KINGBARAJA.TEMP_TABLE (NUM_COL,CHAR_COL) values ('36',null);
Insert into KINGBARAJA.TEMP_TABLE (NUM_COL,CHAR_COL) values ('37',null);
Insert into KINGBARAJA.TEMP_TABLE (NUM_COL,CHAR_COL) values ('38',null);
Insert into KINGBARAJA.TEMP_TABLE (NUM_COL,CHAR_COL) values ('39',null);
Insert into KINGBARAJA.TEMP_TABLE (NUM_COL,CHAR_COL) values ('40',null);
Insert into KINGBARAJA.TEMP_TABLE (NUM_COL,CHAR_COL) values ('41',null);
Insert into KINGBARAJA.TEMP_TABLE (NUM_COL,CHAR_COL) values ('42',null);
Insert into KINGBARAJA.TEMP_TABLE (NUM_COL,CHAR_COL) values ('43',null);
Insert into KINGBARAJA.TEMP_TABLE (NUM_COL,CHAR_COL) values ('44',null);
Insert into KINGBARAJA.TEMP_TABLE (NUM_COL,CHAR_COL) values ('45',null);
Insert into KINGBARAJA.TEMP_TABLE (NUM_COL,CHAR_COL) values ('46',null);
Insert into KINGBARAJA.TEMP_TABLE (NUM_COL,CHAR_COL) values ('47',null);
Insert into KINGBARAJA.TEMP_TABLE (NUM_COL,CHAR_COL) values ('48',null);
Insert into KINGBARAJA.TEMP_TABLE (NUM_COL,CHAR_COL) values ('49',null);
Insert into KINGBARAJA.TEMP_TABLE (NUM_COL,CHAR_COL) values ('50',null);
Insert into KINGBARAJA.TEMP_TABLE (NUM_COL,CHAR_COL) values ('1',null);
Insert into KINGBARAJA.TEMP_TABLE (NUM_COL,CHAR_COL) values ('2',null);
Insert into KINGBARAJA.TEMP_TABLE (NUM_COL,CHAR_COL) values ('3',null);
Insert into KINGBARAJA.TEMP_TABLE (NUM_COL,CHAR_COL) values ('4',null);
Insert into KINGBARAJA.TEMP_TABLE (NUM_COL,CHAR_COL) values ('5',null);
Insert into KINGBARAJA.TEMP_TABLE (NUM_COL,CHAR_COL) values ('6',null);
Insert into KINGBARAJA.TEMP_TABLE (NUM_COL,CHAR_COL) values ('7',null);
Insert into KINGBARAJA.TEMP_TABLE (NUM_COL,CHAR_COL) values ('8',null);
Insert into KINGBARAJA.TEMP_TABLE (NUM_COL,CHAR_COL) values ('9',null);
Insert into KINGBARAJA.TEMP_TABLE (NUM_COL,CHAR_COL) values ('10',null);
Insert into KINGBARAJA.TEMP_TABLE (NUM_COL,CHAR_COL) values ('11',null);
Insert into KINGBARAJA.TEMP_TABLE (NUM_COL,CHAR_COL) values ('12',null);
Insert into KINGBARAJA.TEMP_TABLE (NUM_COL,CHAR_COL) values ('13',null);
Insert into KINGBARAJA.TEMP_TABLE (NUM_COL,CHAR_COL) values ('14',null);
Insert into KINGBARAJA.TEMP_TABLE (NUM_COL,CHAR_COL) values ('15',null);
Insert into KINGBARAJA.TEMP_TABLE (NUM_COL,CHAR_COL) values ('16',null);
Insert into KINGBARAJA.TEMP_TABLE (NUM_COL,CHAR_COL) values ('17',null);
Insert into KINGBARAJA.TEMP_TABLE (NUM_COL,CHAR_COL) values ('18',null);
Insert into KINGBARAJA.TEMP_TABLE (NUM_COL,CHAR_COL) values ('19',null);
Insert into KINGBARAJA.TEMP_TABLE (NUM_COL,CHAR_COL) values ('20',null);
Insert into KINGBARAJA.TEMP_TABLE (NUM_COL,CHAR_COL) values ('21',null);
Insert into KINGBARAJA.TEMP_TABLE (NUM_COL,CHAR_COL) values ('22',null);
Insert into KINGBARAJA.TEMP_TABLE (NUM_COL,CHAR_COL) values ('23',null);
Insert into KINGBARAJA.TEMP_TABLE (NUM_COL,CHAR_COL) values ('24',null);
Insert into KINGBARAJA.TEMP_TABLE (NUM_COL,CHAR_COL) values ('25',null);
Insert into KINGBARAJA.TEMP_TABLE (NUM_COL,CHAR_COL) values ('26',null);
Insert into KINGBARAJA.TEMP_TABLE (NUM_COL,CHAR_COL) values ('27',null);
Insert into KINGBARAJA.TEMP_TABLE (NUM_COL,CHAR_COL) values ('28',null);
Insert into KINGBARAJA.TEMP_TABLE (NUM_COL,CHAR_COL) values ('29',null);
Insert into KINGBARAJA.TEMP_TABLE (NUM_COL,CHAR_COL) values ('30',null);
Insert into KINGBARAJA.TEMP_TABLE (NUM_COL,CHAR_COL) values ('31',null);
Insert into KINGBARAJA.TEMP_TABLE (NUM_COL,CHAR_COL) values ('32',null);
Insert into KINGBARAJA.TEMP_TABLE (NUM_COL,CHAR_COL) values ('33',null);
Insert into KINGBARAJA.TEMP_TABLE (NUM_COL,CHAR_COL) values ('34',null);
Insert into KINGBARAJA.TEMP_TABLE (NUM_COL,CHAR_COL) values ('35',null);
Insert into KINGBARAJA.TEMP_TABLE (NUM_COL,CHAR_COL) values ('36',null);
Insert into KINGBARAJA.TEMP_TABLE (NUM_COL,CHAR_COL) values ('37',null);
Insert into KINGBARAJA.TEMP_TABLE (NUM_COL,CHAR_COL) values ('38',null);
Insert into KINGBARAJA.TEMP_TABLE (NUM_COL,CHAR_COL) values ('39',null);
Insert into KINGBARAJA.TEMP_TABLE (NUM_COL,CHAR_COL) values ('40',null);
Insert into KINGBARAJA.TEMP_TABLE (NUM_COL,CHAR_COL) values ('41',null);
Insert into KINGBARAJA.TEMP_TABLE (NUM_COL,CHAR_COL) values ('42',null);
Insert into KINGBARAJA.TEMP_TABLE (NUM_COL,CHAR_COL) values ('43',null);
Insert into KINGBARAJA.TEMP_TABLE (NUM_COL,CHAR_COL) values ('44',null);
Insert into KINGBARAJA.TEMP_TABLE (NUM_COL,CHAR_COL) values ('45',null);
Insert into KINGBARAJA.TEMP_TABLE (NUM_COL,CHAR_COL) values ('46',null);
Insert into KINGBARAJA.TEMP_TABLE (NUM_COL,CHAR_COL) values ('47',null);
Insert into KINGBARAJA.TEMP_TABLE (NUM_COL,CHAR_COL) values ('48',null);
Insert into KINGBARAJA.TEMP_TABLE (NUM_COL,CHAR_COL) values ('49',null);
Insert into KINGBARAJA.TEMP_TABLE (NUM_COL,CHAR_COL) values ('50',null);
Insert into KINGBARAJA.TEMP_TABLE (NUM_COL,CHAR_COL) values ('1',null);
Insert into KINGBARAJA.TEMP_TABLE (NUM_COL,CHAR_COL) values ('2',null);
Insert into KINGBARAJA.TEMP_TABLE (NUM_COL,CHAR_COL) values ('3',null);
Insert into KINGBARAJA.TEMP_TABLE (NUM_COL,CHAR_COL) values ('4',null);
Insert into KINGBARAJA.TEMP_TABLE (NUM_COL,CHAR_COL) values ('5',null);
Insert into KINGBARAJA.TEMP_TABLE (NUM_COL,CHAR_COL) values ('6',null);
Insert into KINGBARAJA.TEMP_TABLE (NUM_COL,CHAR_COL) values ('7',null);
Insert into KINGBARAJA.TEMP_TABLE (NUM_COL,CHAR_COL) values ('8',null);
Insert into KINGBARAJA.TEMP_TABLE (NUM_COL,CHAR_COL) values ('9',null);
Insert into KINGBARAJA.TEMP_TABLE (NUM_COL,CHAR_COL) values ('10',null);
Insert into KINGBARAJA.TEMP_TABLE (NUM_COL,CHAR_COL) values ('11',null);
Insert into KINGBARAJA.TEMP_TABLE (NUM_COL,CHAR_COL) values ('12',null);
Insert into KINGBARAJA.TEMP_TABLE (NUM_COL,CHAR_COL) values ('13',null);
Insert into KINGBARAJA.TEMP_TABLE (NUM_COL,CHAR_COL) values ('14',null);
Insert into KINGBARAJA.TEMP_TABLE (NUM_COL,CHAR_COL) values ('15',null);
Insert into KINGBARAJA.TEMP_TABLE (NUM_COL,CHAR_COL) values ('16',null);
Insert into KINGBARAJA.TEMP_TABLE (NUM_COL,CHAR_COL) values ('17',null);
Insert into KINGBARAJA.TEMP_TABLE (NUM_COL,CHAR_COL) values ('18',null);
Insert into KINGBARAJA.TEMP_TABLE (NUM_COL,CHAR_COL) values ('19',null);
Insert into KINGBARAJA.TEMP_TABLE (NUM_COL,CHAR_COL) values ('20',null);
Insert into KINGBARAJA.TEMP_TABLE (NUM_COL,CHAR_COL) values ('21',null);
Insert into KINGBARAJA.TEMP_TABLE (NUM_COL,CHAR_COL) values ('22',null);
Insert into KINGBARAJA.TEMP_TABLE (NUM_COL,CHAR_COL) values ('23',null);
Insert into KINGBARAJA.TEMP_TABLE (NUM_COL,CHAR_COL) values ('24',null);
Insert into KINGBARAJA.TEMP_TABLE (NUM_COL,CHAR_COL) values ('25',null);
Insert into KINGBARAJA.TEMP_TABLE (NUM_COL,CHAR_COL) values ('26',null);
Insert into KINGBARAJA.TEMP_TABLE (NUM_COL,CHAR_COL) values ('27',null);
Insert into KINGBARAJA.TEMP_TABLE (NUM_COL,CHAR_COL) values ('28',null);
Insert into KINGBARAJA.TEMP_TABLE (NUM_COL,CHAR_COL) values ('29',null);
Insert into KINGBARAJA.TEMP_TABLE (NUM_COL,CHAR_COL) values ('30',null);
Insert into KINGBARAJA.TEMP_TABLE (NUM_COL,CHAR_COL) values ('31',null);
Insert into KINGBARAJA.TEMP_TABLE (NUM_COL,CHAR_COL) values ('32',null);
Insert into KINGBARAJA.TEMP_TABLE (NUM_COL,CHAR_COL) values ('33',null);
Insert into KINGBARAJA.TEMP_TABLE (NUM_COL,CHAR_COL) values ('34',null);
Insert into KINGBARAJA.TEMP_TABLE (NUM_COL,CHAR_COL) values ('35',null);
Insert into KINGBARAJA.TEMP_TABLE (NUM_COL,CHAR_COL) values ('36',null);
Insert into KINGBARAJA.TEMP_TABLE (NUM_COL,CHAR_COL) values ('37',null);
Insert into KINGBARAJA.TEMP_TABLE (NUM_COL,CHAR_COL) values ('38',null);
Insert into KINGBARAJA.TEMP_TABLE (NUM_COL,CHAR_COL) values ('39',null);
Insert into KINGBARAJA.TEMP_TABLE (NUM_COL,CHAR_COL) values ('40',null);
Insert into KINGBARAJA.TEMP_TABLE (NUM_COL,CHAR_COL) values ('41',null);
Insert into KINGBARAJA.TEMP_TABLE (NUM_COL,CHAR_COL) values ('42',null);
Insert into KINGBARAJA.TEMP_TABLE (NUM_COL,CHAR_COL) values ('43',null);
Insert into KINGBARAJA.TEMP_TABLE (NUM_COL,CHAR_COL) values ('44',null);
Insert into KINGBARAJA.TEMP_TABLE (NUM_COL,CHAR_COL) values ('45',null);
Insert into KINGBARAJA.TEMP_TABLE (NUM_COL,CHAR_COL) values ('46',null);
Insert into KINGBARAJA.TEMP_TABLE (NUM_COL,CHAR_COL) values ('47',null);
Insert into KINGBARAJA.TEMP_TABLE (NUM_COL,CHAR_COL) values ('48',null);
Insert into KINGBARAJA.TEMP_TABLE (NUM_COL,CHAR_COL) values ('49',null);
Insert into KINGBARAJA.TEMP_TABLE (NUM_COL,CHAR_COL) values ('50',null);
Insert into KINGBARAJA.TEMP_TABLE (NUM_COL,CHAR_COL) values ('1',null);
Insert into KINGBARAJA.TEMP_TABLE (NUM_COL,CHAR_COL) values ('2',null);
Insert into KINGBARAJA.TEMP_TABLE (NUM_COL,CHAR_COL) values ('3',null);
Insert into KINGBARAJA.TEMP_TABLE (NUM_COL,CHAR_COL) values ('4',null);
Insert into KINGBARAJA.TEMP_TABLE (NUM_COL,CHAR_COL) values ('5',null);
Insert into KINGBARAJA.TEMP_TABLE (NUM_COL,CHAR_COL) values ('6',null);
Insert into KINGBARAJA.TEMP_TABLE (NUM_COL,CHAR_COL) values ('7',null);
Insert into KINGBARAJA.TEMP_TABLE (NUM_COL,CHAR_COL) values ('8',null);
Insert into KINGBARAJA.TEMP_TABLE (NUM_COL,CHAR_COL) values ('9',null);
Insert into KINGBARAJA.TEMP_TABLE (NUM_COL,CHAR_COL) values ('10',null);
Insert into KINGBARAJA.TEMP_TABLE (NUM_COL,CHAR_COL) values ('11',null);
Insert into KINGBARAJA.TEMP_TABLE (NUM_COL,CHAR_COL) values ('12',null);
Insert into KINGBARAJA.TEMP_TABLE (NUM_COL,CHAR_COL) values ('13',null);
Insert into KINGBARAJA.TEMP_TABLE (NUM_COL,CHAR_COL) values ('14',null);
Insert into KINGBARAJA.TEMP_TABLE (NUM_COL,CHAR_COL) values ('15',null);
Insert into KINGBARAJA.TEMP_TABLE (NUM_COL,CHAR_COL) values ('16',null);
Insert into KINGBARAJA.TEMP_TABLE (NUM_COL,CHAR_COL) values ('17',null);
Insert into KINGBARAJA.TEMP_TABLE (NUM_COL,CHAR_COL) values ('18',null);
Insert into KINGBARAJA.TEMP_TABLE (NUM_COL,CHAR_COL) values ('19',null);
Insert into KINGBARAJA.TEMP_TABLE (NUM_COL,CHAR_COL) values ('20',null);
Insert into KINGBARAJA.TEMP_TABLE (NUM_COL,CHAR_COL) values ('21',null);
Insert into KINGBARAJA.TEMP_TABLE (NUM_COL,CHAR_COL) values ('22',null);
Insert into KINGBARAJA.TEMP_TABLE (NUM_COL,CHAR_COL) values ('23',null);
Insert into KINGBARAJA.TEMP_TABLE (NUM_COL,CHAR_COL) values ('24',null);
Insert into KINGBARAJA.TEMP_TABLE (NUM_COL,CHAR_COL) values ('25',null);
Insert into KINGBARAJA.TEMP_TABLE (NUM_COL,CHAR_COL) values ('26',null);
Insert into KINGBARAJA.TEMP_TABLE (NUM_COL,CHAR_COL) values ('27',null);
Insert into KINGBARAJA.TEMP_TABLE (NUM_COL,CHAR_COL) values ('28',null);
Insert into KINGBARAJA.TEMP_TABLE (NUM_COL,CHAR_COL) values ('29',null);
Insert into KINGBARAJA.TEMP_TABLE (NUM_COL,CHAR_COL) values ('30',null);
Insert into KINGBARAJA.TEMP_TABLE (NUM_COL,CHAR_COL) values ('31',null);
Insert into KINGBARAJA.TEMP_TABLE (NUM_COL,CHAR_COL) values ('32',null);
Insert into KINGBARAJA.TEMP_TABLE (NUM_COL,CHAR_COL) values ('33',null);
Insert into KINGBARAJA.TEMP_TABLE (NUM_COL,CHAR_COL) values ('34',null);
Insert into KINGBARAJA.TEMP_TABLE (NUM_COL,CHAR_COL) values ('35',null);
Insert into KINGBARAJA.TEMP_TABLE (NUM_COL,CHAR_COL) values ('36',null);
Insert into KINGBARAJA.TEMP_TABLE (NUM_COL,CHAR_COL) values ('37',null);
Insert into KINGBARAJA.TEMP_TABLE (NUM_COL,CHAR_COL) values ('38',null);
Insert into KINGBARAJA.TEMP_TABLE (NUM_COL,CHAR_COL) values ('39',null);
Insert into KINGBARAJA.TEMP_TABLE (NUM_COL,CHAR_COL) values ('40',null);
Insert into KINGBARAJA.TEMP_TABLE (NUM_COL,CHAR_COL) values ('41',null);
Insert into KINGBARAJA.TEMP_TABLE (NUM_COL,CHAR_COL) values ('42',null);
Insert into KINGBARAJA.TEMP_TABLE (NUM_COL,CHAR_COL) values ('43',null);
Insert into KINGBARAJA.TEMP_TABLE (NUM_COL,CHAR_COL) values ('44',null);
Insert into KINGBARAJA.TEMP_TABLE (NUM_COL,CHAR_COL) values ('45',null);
Insert into KINGBARAJA.TEMP_TABLE (NUM_COL,CHAR_COL) values ('46',null);
Insert into KINGBARAJA.TEMP_TABLE (NUM_COL,CHAR_COL) values ('47',null);
Insert into KINGBARAJA.TEMP_TABLE (NUM_COL,CHAR_COL) values ('48',null);
Insert into KINGBARAJA.TEMP_TABLE (NUM_COL,CHAR_COL) values ('49',null);
Insert into KINGBARAJA.TEMP_TABLE (NUM_COL,CHAR_COL) values ('50',null);
Insert into KINGBARAJA.TEMP_TABLE (NUM_COL,CHAR_COL) values ('1',null);
Insert into KINGBARAJA.TEMP_TABLE (NUM_COL,CHAR_COL) values ('2',null);
Insert into KINGBARAJA.TEMP_TABLE (NUM_COL,CHAR_COL) values ('3',null);
Insert into KINGBARAJA.TEMP_TABLE (NUM_COL,CHAR_COL) values ('4',null);
Insert into KINGBARAJA.TEMP_TABLE (NUM_COL,CHAR_COL) values ('5',null);
Insert into KINGBARAJA.TEMP_TABLE (NUM_COL,CHAR_COL) values ('6',null);
Insert into KINGBARAJA.TEMP_TABLE (NUM_COL,CHAR_COL) values ('7',null);
Insert into KINGBARAJA.TEMP_TABLE (NUM_COL,CHAR_COL) values ('8',null);
Insert into KINGBARAJA.TEMP_TABLE (NUM_COL,CHAR_COL) values ('9',null);
Insert into KINGBARAJA.TEMP_TABLE (NUM_COL,CHAR_COL) values ('10',null);
Insert into KINGBARAJA.TEMP_TABLE (NUM_COL,CHAR_COL) values ('11',null);
Insert into KINGBARAJA.TEMP_TABLE (NUM_COL,CHAR_COL) values ('12',null);
Insert into KINGBARAJA.TEMP_TABLE (NUM_COL,CHAR_COL) values ('13',null);
Insert into KINGBARAJA.TEMP_TABLE (NUM_COL,CHAR_COL) values ('14',null);
Insert into KINGBARAJA.TEMP_TABLE (NUM_COL,CHAR_COL) values ('15',null);
Insert into KINGBARAJA.TEMP_TABLE (NUM_COL,CHAR_COL) values ('16',null);
Insert into KINGBARAJA.TEMP_TABLE (NUM_COL,CHAR_COL) values ('17',null);
Insert into KINGBARAJA.TEMP_TABLE (NUM_COL,CHAR_COL) values ('18',null);
Insert into KINGBARAJA.TEMP_TABLE (NUM_COL,CHAR_COL) values ('19',null);
Insert into KINGBARAJA.TEMP_TABLE (NUM_COL,CHAR_COL) values ('20',null);
Insert into KINGBARAJA.TEMP_TABLE (NUM_COL,CHAR_COL) values ('21',null);
Insert into KINGBARAJA.TEMP_TABLE (NUM_COL,CHAR_COL) values ('22',null);
Insert into KINGBARAJA.TEMP_TABLE (NUM_COL,CHAR_COL) values ('23',null);
Insert into KINGBARAJA.TEMP_TABLE (NUM_COL,CHAR_COL) values ('24',null);
Insert into KINGBARAJA.TEMP_TABLE (NUM_COL,CHAR_COL) values ('25',null);
Insert into KINGBARAJA.TEMP_TABLE (NUM_COL,CHAR_COL) values ('26',null);
Insert into KINGBARAJA.TEMP_TABLE (NUM_COL,CHAR_COL) values ('27',null);
Insert into KINGBARAJA.TEMP_TABLE (NUM_COL,CHAR_COL) values ('28',null);
Insert into KINGBARAJA.TEMP_TABLE (NUM_COL,CHAR_COL) values ('29',null);
Insert into KINGBARAJA.TEMP_TABLE (NUM_COL,CHAR_COL) values ('30',null);
Insert into KINGBARAJA.TEMP_TABLE (NUM_COL,CHAR_COL) values ('31',null);
Insert into KINGBARAJA.TEMP_TABLE (NUM_COL,CHAR_COL) values ('32',null);
Insert into KINGBARAJA.TEMP_TABLE (NUM_COL,CHAR_COL) values ('33',null);
Insert into KINGBARAJA.TEMP_TABLE (NUM_COL,CHAR_COL) values ('34',null);
Insert into KINGBARAJA.TEMP_TABLE (NUM_COL,CHAR_COL) values ('35',null);
Insert into KINGBARAJA.TEMP_TABLE (NUM_COL,CHAR_COL) values ('36',null);
Insert into KINGBARAJA.TEMP_TABLE (NUM_COL,CHAR_COL) values ('37',null);
Insert into KINGBARAJA.TEMP_TABLE (NUM_COL,CHAR_COL) values ('38',null);
Insert into KINGBARAJA.TEMP_TABLE (NUM_COL,CHAR_COL) values ('39',null);
Insert into KINGBARAJA.TEMP_TABLE (NUM_COL,CHAR_COL) values ('40',null);
Insert into KINGBARAJA.TEMP_TABLE (NUM_COL,CHAR_COL) values ('41',null);
Insert into KINGBARAJA.TEMP_TABLE (NUM_COL,CHAR_COL) values ('42',null);
Insert into KINGBARAJA.TEMP_TABLE (NUM_COL,CHAR_COL) values ('43',null);
Insert into KINGBARAJA.TEMP_TABLE (NUM_COL,CHAR_COL) values ('44',null);
Insert into KINGBARAJA.TEMP_TABLE (NUM_COL,CHAR_COL) values ('45',null);
Insert into KINGBARAJA.TEMP_TABLE (NUM_COL,CHAR_COL) values ('46',null);
Insert into KINGBARAJA.TEMP_TABLE (NUM_COL,CHAR_COL) values ('47',null);
Insert into KINGBARAJA.TEMP_TABLE (NUM_COL,CHAR_COL) values ('48',null);
Insert into KINGBARAJA.TEMP_TABLE (NUM_COL,CHAR_COL) values ('49',null);
Insert into KINGBARAJA.TEMP_TABLE (NUM_COL,CHAR_COL) values ('50',null);
Insert into KINGBARAJA.TEMP_TABLE (NUM_COL,CHAR_COL) values ('1',null);
Insert into KINGBARAJA.TEMP_TABLE (NUM_COL,CHAR_COL) values ('2',null);
Insert into KINGBARAJA.TEMP_TABLE (NUM_COL,CHAR_COL) values ('3',null);
Insert into KINGBARAJA.TEMP_TABLE (NUM_COL,CHAR_COL) values ('4',null);
Insert into KINGBARAJA.TEMP_TABLE (NUM_COL,CHAR_COL) values ('5',null);
Insert into KINGBARAJA.TEMP_TABLE (NUM_COL,CHAR_COL) values ('6',null);
Insert into KINGBARAJA.TEMP_TABLE (NUM_COL,CHAR_COL) values ('7',null);
Insert into KINGBARAJA.TEMP_TABLE (NUM_COL,CHAR_COL) values ('8',null);
Insert into KINGBARAJA.TEMP_TABLE (NUM_COL,CHAR_COL) values ('9',null);
Insert into KINGBARAJA.TEMP_TABLE (NUM_COL,CHAR_COL) values ('10',null);
Insert into KINGBARAJA.TEMP_TABLE (NUM_COL,CHAR_COL) values ('11',null);
Insert into KINGBARAJA.TEMP_TABLE (NUM_COL,CHAR_COL) values ('12',null);
Insert into KINGBARAJA.TEMP_TABLE (NUM_COL,CHAR_COL) values ('13',null);
Insert into KINGBARAJA.TEMP_TABLE (NUM_COL,CHAR_COL) values ('14',null);
Insert into KINGBARAJA.TEMP_TABLE (NUM_COL,CHAR_COL) values ('15',null);
Insert into KINGBARAJA.TEMP_TABLE (NUM_COL,CHAR_COL) values ('16',null);
Insert into KINGBARAJA.TEMP_TABLE (NUM_COL,CHAR_COL) values ('17',null);
Insert into KINGBARAJA.TEMP_TABLE (NUM_COL,CHAR_COL) values ('18',null);
Insert into KINGBARAJA.TEMP_TABLE (NUM_COL,CHAR_COL) values ('19',null);
Insert into KINGBARAJA.TEMP_TABLE (NUM_COL,CHAR_COL) values ('20',null);
Insert into KINGBARAJA.TEMP_TABLE (NUM_COL,CHAR_COL) values ('21',null);
Insert into KINGBARAJA.TEMP_TABLE (NUM_COL,CHAR_COL) values ('22',null);
Insert into KINGBARAJA.TEMP_TABLE (NUM_COL,CHAR_COL) values ('23',null);
Insert into KINGBARAJA.TEMP_TABLE (NUM_COL,CHAR_COL) values ('24',null);
Insert into KINGBARAJA.TEMP_TABLE (NUM_COL,CHAR_COL) values ('25',null);
Insert into KINGBARAJA.TEMP_TABLE (NUM_COL,CHAR_COL) values ('26',null);
Insert into KINGBARAJA.TEMP_TABLE (NUM_COL,CHAR_COL) values ('27',null);
Insert into KINGBARAJA.TEMP_TABLE (NUM_COL,CHAR_COL) values ('28',null);
Insert into KINGBARAJA.TEMP_TABLE (NUM_COL,CHAR_COL) values ('29',null);
Insert into KINGBARAJA.TEMP_TABLE (NUM_COL,CHAR_COL) values ('30',null);
Insert into KINGBARAJA.TEMP_TABLE (NUM_COL,CHAR_COL) values ('31',null);
Insert into KINGBARAJA.TEMP_TABLE (NUM_COL,CHAR_COL) values ('32',null);
Insert into KINGBARAJA.TEMP_TABLE (NUM_COL,CHAR_COL) values ('33',null);
Insert into KINGBARAJA.TEMP_TABLE (NUM_COL,CHAR_COL) values ('34',null);
Insert into KINGBARAJA.TEMP_TABLE (NUM_COL,CHAR_COL) values ('35',null);
Insert into KINGBARAJA.TEMP_TABLE (NUM_COL,CHAR_COL) values ('36',null);
Insert into KINGBARAJA.TEMP_TABLE (NUM_COL,CHAR_COL) values ('37',null);
Insert into KINGBARAJA.TEMP_TABLE (NUM_COL,CHAR_COL) values ('38',null);
Insert into KINGBARAJA.TEMP_TABLE (NUM_COL,CHAR_COL) values ('39',null);
Insert into KINGBARAJA.TEMP_TABLE (NUM_COL,CHAR_COL) values ('40',null);
Insert into KINGBARAJA.TEMP_TABLE (NUM_COL,CHAR_COL) values ('41',null);
Insert into KINGBARAJA.TEMP_TABLE (NUM_COL,CHAR_COL) values ('42',null);
Insert into KINGBARAJA.TEMP_TABLE (NUM_COL,CHAR_COL) values ('43',null);
Insert into KINGBARAJA.TEMP_TABLE (NUM_COL,CHAR_COL) values ('44',null);
Insert into KINGBARAJA.TEMP_TABLE (NUM_COL,CHAR_COL) values ('45',null);
Insert into KINGBARAJA.TEMP_TABLE (NUM_COL,CHAR_COL) values ('46',null);
Insert into KINGBARAJA.TEMP_TABLE (NUM_COL,CHAR_COL) values ('47',null);
Insert into KINGBARAJA.TEMP_TABLE (NUM_COL,CHAR_COL) values ('48',null);
Insert into KINGBARAJA.TEMP_TABLE (NUM_COL,CHAR_COL) values ('49',null);
Insert into KINGBARAJA.TEMP_TABLE (NUM_COL,CHAR_COL) values ('50',null);
Insert into KINGBARAJA.TEMP_TABLE (NUM_COL,CHAR_COL) values ('1',null);
Insert into KINGBARAJA.TEMP_TABLE (NUM_COL,CHAR_COL) values ('2',null);
Insert into KINGBARAJA.TEMP_TABLE (NUM_COL,CHAR_COL) values ('3',null);
Insert into KINGBARAJA.TEMP_TABLE (NUM_COL,CHAR_COL) values ('4',null);
Insert into KINGBARAJA.TEMP_TABLE (NUM_COL,CHAR_COL) values ('5',null);
Insert into KINGBARAJA.TEMP_TABLE (NUM_COL,CHAR_COL) values ('6',null);
Insert into KINGBARAJA.TEMP_TABLE (NUM_COL,CHAR_COL) values ('7',null);
Insert into KINGBARAJA.TEMP_TABLE (NUM_COL,CHAR_COL) values ('8',null);
Insert into KINGBARAJA.TEMP_TABLE (NUM_COL,CHAR_COL) values ('9',null);
Insert into KINGBARAJA.TEMP_TABLE (NUM_COL,CHAR_COL) values ('10',null);
Insert into KINGBARAJA.TEMP_TABLE (NUM_COL,CHAR_COL) values ('11',null);
Insert into KINGBARAJA.TEMP_TABLE (NUM_COL,CHAR_COL) values ('12',null);
Insert into KINGBARAJA.TEMP_TABLE (NUM_COL,CHAR_COL) values ('13',null);
Insert into KINGBARAJA.TEMP_TABLE (NUM_COL,CHAR_COL) values ('14',null);
Insert into KINGBARAJA.TEMP_TABLE (NUM_COL,CHAR_COL) values ('15',null);
Insert into KINGBARAJA.TEMP_TABLE (NUM_COL,CHAR_COL) values ('16',null);
Insert into KINGBARAJA.TEMP_TABLE (NUM_COL,CHAR_COL) values ('17',null);
Insert into KINGBARAJA.TEMP_TABLE (NUM_COL,CHAR_COL) values ('18',null);
Insert into KINGBARAJA.TEMP_TABLE (NUM_COL,CHAR_COL) values ('19',null);
Insert into KINGBARAJA.TEMP_TABLE (NUM_COL,CHAR_COL) values ('20',null);
Insert into KINGBARAJA.TEMP_TABLE (NUM_COL,CHAR_COL) values ('21',null);
Insert into KINGBARAJA.TEMP_TABLE (NUM_COL,CHAR_COL) values ('22',null);
Insert into KINGBARAJA.TEMP_TABLE (NUM_COL,CHAR_COL) values ('23',null);
Insert into KINGBARAJA.TEMP_TABLE (NUM_COL,CHAR_COL) values ('24',null);
Insert into KINGBARAJA.TEMP_TABLE (NUM_COL,CHAR_COL) values ('25',null);
Insert into KINGBARAJA.TEMP_TABLE (NUM_COL,CHAR_COL) values ('26',null);
Insert into KINGBARAJA.TEMP_TABLE (NUM_COL,CHAR_COL) values ('27',null);
Insert into KINGBARAJA.TEMP_TABLE (NUM_COL,CHAR_COL) values ('28',null);
Insert into KINGBARAJA.TEMP_TABLE (NUM_COL,CHAR_COL) values ('29',null);
Insert into KINGBARAJA.TEMP_TABLE (NUM_COL,CHAR_COL) values ('30',null);
Insert into KINGBARAJA.TEMP_TABLE (NUM_COL,CHAR_COL) values ('31',null);
Insert into KINGBARAJA.TEMP_TABLE (NUM_COL,CHAR_COL) values ('32',null);
Insert into KINGBARAJA.TEMP_TABLE (NUM_COL,CHAR_COL) values ('33',null);
Insert into KINGBARAJA.TEMP_TABLE (NUM_COL,CHAR_COL) values ('34',null);
Insert into KINGBARAJA.TEMP_TABLE (NUM_COL,CHAR_COL) values ('35',null);
Insert into KINGBARAJA.TEMP_TABLE (NUM_COL,CHAR_COL) values ('36',null);
Insert into KINGBARAJA.TEMP_TABLE (NUM_COL,CHAR_COL) values ('37',null);
Insert into KINGBARAJA.TEMP_TABLE (NUM_COL,CHAR_COL) values ('38',null);
Insert into KINGBARAJA.TEMP_TABLE (NUM_COL,CHAR_COL) values ('39',null);
Insert into KINGBARAJA.TEMP_TABLE (NUM_COL,CHAR_COL) values ('40',null);
Insert into KINGBARAJA.TEMP_TABLE (NUM_COL,CHAR_COL) values ('41',null);
Insert into KINGBARAJA.TEMP_TABLE (NUM_COL,CHAR_COL) values ('42',null);
Insert into KINGBARAJA.TEMP_TABLE (NUM_COL,CHAR_COL) values ('43',null);
Insert into KINGBARAJA.TEMP_TABLE (NUM_COL,CHAR_COL) values ('44',null);
Insert into KINGBARAJA.TEMP_TABLE (NUM_COL,CHAR_COL) values ('45',null);
Insert into KINGBARAJA.TEMP_TABLE (NUM_COL,CHAR_COL) values ('46',null);
Insert into KINGBARAJA.TEMP_TABLE (NUM_COL,CHAR_COL) values ('47',null);
Insert into KINGBARAJA.TEMP_TABLE (NUM_COL,CHAR_COL) values ('48',null);
Insert into KINGBARAJA.TEMP_TABLE (NUM_COL,CHAR_COL) values ('49',null);
Insert into KINGBARAJA.TEMP_TABLE (NUM_COL,CHAR_COL) values ('50',null);
Insert into KINGBARAJA.TEMP_TABLE (NUM_COL,CHAR_COL) values ('1',null);
Insert into KINGBARAJA.TEMP_TABLE (NUM_COL,CHAR_COL) values ('2',null);
Insert into KINGBARAJA.TEMP_TABLE (NUM_COL,CHAR_COL) values ('3',null);
Insert into KINGBARAJA.TEMP_TABLE (NUM_COL,CHAR_COL) values ('4',null);
Insert into KINGBARAJA.TEMP_TABLE (NUM_COL,CHAR_COL) values ('5',null);
Insert into KINGBARAJA.TEMP_TABLE (NUM_COL,CHAR_COL) values ('6',null);
Insert into KINGBARAJA.TEMP_TABLE (NUM_COL,CHAR_COL) values ('7',null);
Insert into KINGBARAJA.TEMP_TABLE (NUM_COL,CHAR_COL) values ('8',null);
Insert into KINGBARAJA.TEMP_TABLE (NUM_COL,CHAR_COL) values ('9',null);
Insert into KINGBARAJA.TEMP_TABLE (NUM_COL,CHAR_COL) values ('10',null);
Insert into KINGBARAJA.TEMP_TABLE (NUM_COL,CHAR_COL) values ('11',null);
Insert into KINGBARAJA.TEMP_TABLE (NUM_COL,CHAR_COL) values ('12',null);
Insert into KINGBARAJA.TEMP_TABLE (NUM_COL,CHAR_COL) values ('13',null);
Insert into KINGBARAJA.TEMP_TABLE (NUM_COL,CHAR_COL) values ('14',null);
Insert into KINGBARAJA.TEMP_TABLE (NUM_COL,CHAR_COL) values ('15',null);
Insert into KINGBARAJA.TEMP_TABLE (NUM_COL,CHAR_COL) values ('16',null);
Insert into KINGBARAJA.TEMP_TABLE (NUM_COL,CHAR_COL) values ('17',null);
Insert into KINGBARAJA.TEMP_TABLE (NUM_COL,CHAR_COL) values ('18',null);
Insert into KINGBARAJA.TEMP_TABLE (NUM_COL,CHAR_COL) values ('19',null);
Insert into KINGBARAJA.TEMP_TABLE (NUM_COL,CHAR_COL) values ('20',null);
Insert into KINGBARAJA.TEMP_TABLE (NUM_COL,CHAR_COL) values ('21',null);
Insert into KINGBARAJA.TEMP_TABLE (NUM_COL,CHAR_COL) values ('22',null);
Insert into KINGBARAJA.TEMP_TABLE (NUM_COL,CHAR_COL) values ('23',null);
Insert into KINGBARAJA.TEMP_TABLE (NUM_COL,CHAR_COL) values ('24',null);
Insert into KINGBARAJA.TEMP_TABLE (NUM_COL,CHAR_COL) values ('25',null);
Insert into KINGBARAJA.TEMP_TABLE (NUM_COL,CHAR_COL) values ('26',null);
Insert into KINGBARAJA.TEMP_TABLE (NUM_COL,CHAR_COL) values ('27',null);
Insert into KINGBARAJA.TEMP_TABLE (NUM_COL,CHAR_COL) values ('28',null);
Insert into KINGBARAJA.TEMP_TABLE (NUM_COL,CHAR_COL) values ('29',null);
Insert into KINGBARAJA.TEMP_TABLE (NUM_COL,CHAR_COL) values ('30',null);
Insert into KINGBARAJA.TEMP_TABLE (NUM_COL,CHAR_COL) values ('31',null);
Insert into KINGBARAJA.TEMP_TABLE (NUM_COL,CHAR_COL) values ('32',null);
Insert into KINGBARAJA.TEMP_TABLE (NUM_COL,CHAR_COL) values ('33',null);
Insert into KINGBARAJA.TEMP_TABLE (NUM_COL,CHAR_COL) values ('34',null);
Insert into KINGBARAJA.TEMP_TABLE (NUM_COL,CHAR_COL) values ('35',null);
Insert into KINGBARAJA.TEMP_TABLE (NUM_COL,CHAR_COL) values ('36',null);
Insert into KINGBARAJA.TEMP_TABLE (NUM_COL,CHAR_COL) values ('37',null);
Insert into KINGBARAJA.TEMP_TABLE (NUM_COL,CHAR_COL) values ('38',null);
Insert into KINGBARAJA.TEMP_TABLE (NUM_COL,CHAR_COL) values ('39',null);
Insert into KINGBARAJA.TEMP_TABLE (NUM_COL,CHAR_COL) values ('40',null);
Insert into KINGBARAJA.TEMP_TABLE (NUM_COL,CHAR_COL) values ('41',null);
Insert into KINGBARAJA.TEMP_TABLE (NUM_COL,CHAR_COL) values ('42',null);
Insert into KINGBARAJA.TEMP_TABLE (NUM_COL,CHAR_COL) values ('43',null);
Insert into KINGBARAJA.TEMP_TABLE (NUM_COL,CHAR_COL) values ('44',null);
Insert into KINGBARAJA.TEMP_TABLE (NUM_COL,CHAR_COL) values ('45',null);
Insert into KINGBARAJA.TEMP_TABLE (NUM_COL,CHAR_COL) values ('46',null);
Insert into KINGBARAJA.TEMP_TABLE (NUM_COL,CHAR_COL) values ('47',null);
Insert into KINGBARAJA.TEMP_TABLE (NUM_COL,CHAR_COL) values ('48',null);
Insert into KINGBARAJA.TEMP_TABLE (NUM_COL,CHAR_COL) values ('49',null);
Insert into KINGBARAJA.TEMP_TABLE (NUM_COL,CHAR_COL) values ('50',null);
REM INSERTING into KINGBARAJA.TEST
SET DEFINE OFF;
--------------------------------------------------------
--  DDL for Index PRODUCTS_PK
--------------------------------------------------------

  CREATE UNIQUE INDEX "KINGBARAJA"."PRODUCTS_PK" ON "KINGBARAJA"."PRODUCTS" ("ID") 
  PCTFREE 10 INITRANS 2 MAXTRANS 255 COMPUTE STATISTICS 
  STORAGE(INITIAL 65536 NEXT 1048576 MINEXTENTS 1 MAXEXTENTS 2147483645
  PCTINCREASE 0 FREELISTS 1 FREELIST GROUPS 1 BUFFER_POOL DEFAULT FLASH_CACHE DEFAULT CELL_FLASH_CACHE DEFAULT)
  TABLESPACE "USERS" ;
--------------------------------------------------------
--  DDL for Index CLASSES_DEPARTMENT_COURSE
--------------------------------------------------------

  CREATE UNIQUE INDEX "KINGBARAJA"."CLASSES_DEPARTMENT_COURSE" ON "KINGBARAJA"."CLASSES" ("DEPARTMENT", "COURSE") 
  PCTFREE 10 INITRANS 2 MAXTRANS 255 COMPUTE STATISTICS 
  STORAGE(INITIAL 65536 NEXT 1048576 MINEXTENTS 1 MAXEXTENTS 2147483645
  PCTINCREASE 0 FREELISTS 1 FREELIST GROUPS 1 BUFFER_POOL DEFAULT FLASH_CACHE DEFAULT CELL_FLASH_CACHE DEFAULT)
  TABLESPACE "USERS" ;
--------------------------------------------------------
--  DDL for Index PRODUCT_TYPES_PK
--------------------------------------------------------

  CREATE UNIQUE INDEX "KINGBARAJA"."PRODUCT_TYPES_PK" ON "KINGBARAJA"."PRODUCT_TYPES" ("ID") 
  PCTFREE 10 INITRANS 2 MAXTRANS 255 COMPUTE STATISTICS 
  STORAGE(INITIAL 65536 NEXT 1048576 MINEXTENTS 1 MAXEXTENTS 2147483645
  PCTINCREASE 0 FREELISTS 1 FREELIST GROUPS 1 BUFFER_POOL DEFAULT FLASH_CACHE DEFAULT CELL_FLASH_CACHE DEFAULT)
  TABLESPACE "USERS" ;
--------------------------------------------------------
--  DDL for Index NESTED_CATEGORY_PK
--------------------------------------------------------

  CREATE UNIQUE INDEX "KINGBARAJA"."NESTED_CATEGORY_PK" ON "KINGBARAJA"."NESTED_CATEGORY" ("CATEGORY_ID") 
  PCTFREE 10 INITRANS 2 MAXTRANS 255 COMPUTE STATISTICS 
  STORAGE(INITIAL 65536 NEXT 1048576 MINEXTENTS 1 MAXEXTENTS 2147483645
  PCTINCREASE 0 FREELISTS 1 FREELIST GROUPS 1 BUFFER_POOL DEFAULT FLASH_CACHE DEFAULT CELL_FLASH_CACHE DEFAULT)
  TABLESPACE "USERS" ;
--------------------------------------------------------
--  DDL for Index EMPLOYEE_PK
--------------------------------------------------------

  CREATE UNIQUE INDEX "KINGBARAJA"."EMPLOYEE_PK" ON "KINGBARAJA"."EMPLOYEES" ("EMPLOYEE_ID") 
  PCTFREE 10 INITRANS 2 MAXTRANS 255 COMPUTE STATISTICS 
  STORAGE(INITIAL 65536 NEXT 1048576 MINEXTENTS 1 MAXEXTENTS 2147483645
  PCTINCREASE 0 FREELISTS 1 FREELIST GROUPS 1 BUFFER_POOL DEFAULT FLASH_CACHE DEFAULT CELL_FLASH_CACHE DEFAULT)
  TABLESPACE "USERS" ;
--------------------------------------------------------
--  Constraints for Table CLASSES
--------------------------------------------------------

  ALTER TABLE "KINGBARAJA"."CLASSES" ADD CONSTRAINT "CLASSES_DEPARTMENT_COURSE" PRIMARY KEY ("DEPARTMENT", "COURSE")
  USING INDEX PCTFREE 10 INITRANS 2 MAXTRANS 255 COMPUTE STATISTICS 
  STORAGE(INITIAL 65536 NEXT 1048576 MINEXTENTS 1 MAXEXTENTS 2147483645
  PCTINCREASE 0 FREELISTS 1 FREELIST GROUPS 1 BUFFER_POOL DEFAULT FLASH_CACHE DEFAULT CELL_FLASH_CACHE DEFAULT)
  TABLESPACE "USERS"  ENABLE;
--------------------------------------------------------
--  Constraints for Table REGISTERED_STUDENTS
--------------------------------------------------------

  ALTER TABLE "KINGBARAJA"."REGISTERED_STUDENTS" ADD CONSTRAINT "RS_GRADE" CHECK (grade IN ('A', 'B', 'C', 'D', 'E')) ENABLE;
 
  ALTER TABLE "KINGBARAJA"."REGISTERED_STUDENTS" MODIFY ("STUDENT_ID" NOT NULL ENABLE);
 
  ALTER TABLE "KINGBARAJA"."REGISTERED_STUDENTS" MODIFY ("DEPARTMENT" NOT NULL ENABLE);
 
  ALTER TABLE "KINGBARAJA"."REGISTERED_STUDENTS" MODIFY ("COURSE" NOT NULL ENABLE);
--------------------------------------------------------
--  Constraints for Table PRODUCT_TYPES
--------------------------------------------------------

  ALTER TABLE "KINGBARAJA"."PRODUCT_TYPES" ADD CONSTRAINT "PRODUCT_TYPES_PK" PRIMARY KEY ("ID")
  USING INDEX PCTFREE 10 INITRANS 2 MAXTRANS 255 COMPUTE STATISTICS 
  STORAGE(INITIAL 65536 NEXT 1048576 MINEXTENTS 1 MAXEXTENTS 2147483645
  PCTINCREASE 0 FREELISTS 1 FREELIST GROUPS 1 BUFFER_POOL DEFAULT FLASH_CACHE DEFAULT CELL_FLASH_CACHE DEFAULT)
  TABLESPACE "USERS"  ENABLE;
 
  ALTER TABLE "KINGBARAJA"."PRODUCT_TYPES" MODIFY ("ID" NOT NULL ENABLE);
 
  ALTER TABLE "KINGBARAJA"."PRODUCT_TYPES" MODIFY ("NAME" NOT NULL ENABLE);
--------------------------------------------------------
--  Constraints for Table PRODUCTS
--------------------------------------------------------

  ALTER TABLE "KINGBARAJA"."PRODUCTS" ADD CONSTRAINT "PRODUCTS_PK" PRIMARY KEY ("ID")
  USING INDEX PCTFREE 10 INITRANS 2 MAXTRANS 255 COMPUTE STATISTICS 
  STORAGE(INITIAL 65536 NEXT 1048576 MINEXTENTS 1 MAXEXTENTS 2147483645
  PCTINCREASE 0 FREELISTS 1 FREELIST GROUPS 1 BUFFER_POOL DEFAULT FLASH_CACHE DEFAULT CELL_FLASH_CACHE DEFAULT)
  TABLESPACE "USERS"  ENABLE;
 
  ALTER TABLE "KINGBARAJA"."PRODUCTS" MODIFY ("ID" NOT NULL ENABLE);
 
  ALTER TABLE "KINGBARAJA"."PRODUCTS" MODIFY ("PRODUCT_TYPES_ID" NOT NULL ENABLE);
 
  ALTER TABLE "KINGBARAJA"."PRODUCTS" MODIFY ("NAME" NOT NULL ENABLE);
 
  ALTER TABLE "KINGBARAJA"."PRODUCTS" MODIFY ("PRICE" NOT NULL ENABLE);
 
  ALTER TABLE "KINGBARAJA"."PRODUCTS" ADD CHECK (active IN ('Y', 'N')) ENABLE;
--------------------------------------------------------
--  Constraints for Table STUDENTS
--------------------------------------------------------

  ALTER TABLE "KINGBARAJA"."STUDENTS" ADD PRIMARY KEY ("ID")
  USING INDEX PCTFREE 10 INITRANS 2 MAXTRANS 255 COMPUTE STATISTICS 
  STORAGE(INITIAL 65536 NEXT 1048576 MINEXTENTS 1 MAXEXTENTS 2147483645
  PCTINCREASE 0 FREELISTS 1 FREELIST GROUPS 1 BUFFER_POOL DEFAULT FLASH_CACHE DEFAULT CELL_FLASH_CACHE DEFAULT)
  TABLESPACE "USERS"  ENABLE;
--------------------------------------------------------
--  Constraints for Table RS_AUDIT
--------------------------------------------------------

  ALTER TABLE "KINGBARAJA"."RS_AUDIT" MODIFY ("CHANGE_TYPE" NOT NULL ENABLE);
 
  ALTER TABLE "KINGBARAJA"."RS_AUDIT" MODIFY ("CHANGED_BY" NOT NULL ENABLE);
 
  ALTER TABLE "KINGBARAJA"."RS_AUDIT" MODIFY ("TIMESTAMP" NOT NULL ENABLE);
--------------------------------------------------------
--  Constraints for Table NESTED_CATEGORY
--------------------------------------------------------

  ALTER TABLE "KINGBARAJA"."NESTED_CATEGORY" ADD CONSTRAINT "NESTED_CATEGORY_PK" PRIMARY KEY ("CATEGORY_ID")
  USING INDEX PCTFREE 10 INITRANS 2 MAXTRANS 255 COMPUTE STATISTICS 
  STORAGE(INITIAL 65536 NEXT 1048576 MINEXTENTS 1 MAXEXTENTS 2147483645
  PCTINCREASE 0 FREELISTS 1 FREELIST GROUPS 1 BUFFER_POOL DEFAULT FLASH_CACHE DEFAULT CELL_FLASH_CACHE DEFAULT)
  TABLESPACE "USERS"  ENABLE;
 
  ALTER TABLE "KINGBARAJA"."NESTED_CATEGORY" MODIFY ("LFT" NOT NULL ENABLE);
 
  ALTER TABLE "KINGBARAJA"."NESTED_CATEGORY" MODIFY ("RGT" NOT NULL ENABLE);
--------------------------------------------------------
--  Constraints for Table ROOMS
--------------------------------------------------------

  ALTER TABLE "KINGBARAJA"."ROOMS" ADD PRIMARY KEY ("ROOM_ID")
  USING INDEX PCTFREE 10 INITRANS 2 MAXTRANS 255 COMPUTE STATISTICS 
  STORAGE(INITIAL 65536 NEXT 1048576 MINEXTENTS 1 MAXEXTENTS 2147483645
  PCTINCREASE 0 FREELISTS 1 FREELIST GROUPS 1 BUFFER_POOL DEFAULT FLASH_CACHE DEFAULT CELL_FLASH_CACHE DEFAULT)
  TABLESPACE "USERS"  ENABLE;
--------------------------------------------------------
--  Constraints for Table EMPLOYEES
--------------------------------------------------------

  ALTER TABLE "KINGBARAJA"."EMPLOYEES" ADD CONSTRAINT "EMPLOYEE_PK" PRIMARY KEY ("EMPLOYEE_ID")
  USING INDEX PCTFREE 10 INITRANS 2 MAXTRANS 255 COMPUTE STATISTICS 
  STORAGE(INITIAL 65536 NEXT 1048576 MINEXTENTS 1 MAXEXTENTS 2147483645
  PCTINCREASE 0 FREELISTS 1 FREELIST GROUPS 1 BUFFER_POOL DEFAULT FLASH_CACHE DEFAULT CELL_FLASH_CACHE DEFAULT)
  TABLESPACE "USERS"  ENABLE;
 
  ALTER TABLE "KINGBARAJA"."EMPLOYEES" MODIFY ("EMPLOYEE_ID" NOT NULL ENABLE);
--------------------------------------------------------
--  Ref Constraints for Table CLASSES
--------------------------------------------------------

  ALTER TABLE "KINGBARAJA"."CLASSES" ADD CONSTRAINT "CLASSES_ROOM_ID" FOREIGN KEY ("ROOM_ID")
	  REFERENCES "KINGBARAJA"."ROOMS" ("ROOM_ID") ENABLE;
--------------------------------------------------------
--  Ref Constraints for Table NESTED_CATEGORY
--------------------------------------------------------

  ALTER TABLE "KINGBARAJA"."NESTED_CATEGORY" ADD CONSTRAINT "PARENT_FK" FOREIGN KEY ("TOP_LEVEL")
	  REFERENCES "KINGBARAJA"."NESTED_CATEGORY" ("CATEGORY_ID") ENABLE;
--------------------------------------------------------
--  Ref Constraints for Table PRODUCTS
--------------------------------------------------------

  ALTER TABLE "KINGBARAJA"."PRODUCTS" ADD CONSTRAINT "FK_TYPES" FOREIGN KEY ("PRODUCT_TYPES_ID")
	  REFERENCES "KINGBARAJA"."PRODUCT_TYPES" ("ID") ENABLE;
--------------------------------------------------------
--  Ref Constraints for Table REGISTERED_STUDENTS
--------------------------------------------------------

  ALTER TABLE "KINGBARAJA"."REGISTERED_STUDENTS" ADD CONSTRAINT "RS_DEPARTMENT_COURSE" FOREIGN KEY ("DEPARTMENT", "COURSE")
	  REFERENCES "KINGBARAJA"."CLASSES" ("DEPARTMENT", "COURSE") ENABLE;
 
  ALTER TABLE "KINGBARAJA"."REGISTERED_STUDENTS" ADD CONSTRAINT "RS_STUDENT_ID" FOREIGN KEY ("STUDENT_ID")
	  REFERENCES "KINGBARAJA"."STUDENTS" ("ID") ENABLE;
--------------------------------------------------------
--  DDL for Procedure PRINTHELLOWORLD
--------------------------------------------------------
set define off;

  CREATE OR REPLACE PROCEDURE "KINGBARAJA"."PRINTHELLOWORLD" 
IS
BEGIN
DBMS_OUTPUT.PUT_LINE('hai world');
END;

/
--------------------------------------------------------
--  DDL for Procedure PROC1
--------------------------------------------------------
set define off;

  CREATE OR REPLACE PROCEDURE "KINGBARAJA"."PROC1" (param1 IN VARCHAR2)
IS
hiredate DATE; 
eTABLE_OR_VIEW_DOES_NOT_EXIST  EXCEPTION;
PRAGMA EXCEPTION_INIT(eTABLE_OR_VIEW_DOES_NOT_EXIST, -942);
BEGIN

  hiredate := SYSDATE;
 
 INSERT INTO blabla(id) values(hiredate);
 EXCEPTION
 WHEN eTable_OR_VIEW_DOES_NOT_EXIST
 THEN
 DBMS_OUTPUT.PUT_LINE('error');
END;

/
--------------------------------------------------------
--  DDL for Procedure PROC1INPARAMETER
--------------------------------------------------------
set define off;

  CREATE OR REPLACE PROCEDURE "KINGBARAJA"."PROC1INPARAMETER" (param1 IN VARCHAR2)
IS
BEGIN
DBMS_OUTPUT.PUT_LINE('helo', param1);
END;

/
--------------------------------------------------------
--  DDL for Procedure PROCCHECKTABLE
--------------------------------------------------------
set define off;

  CREATE OR REPLACE PROCEDURE "KINGBARAJA"."PROCCHECKTABLE" 
IS
v_exists INTEGER;
BEGIN
SELECT COUNT(*) INTO v_exists FROM USER_TABLES where table_name='EMPLOYEE';
IF v_exists = 1 THEN
DBMS_OUTPUT.PUT_LINE('ada');
END IF;
END;

/
--------------------------------------------------------
--  DDL for Procedure PROCINPARAMETER
--------------------------------------------------------
set define off;

  CREATE OR REPLACE PROCEDURE "KINGBARAJA"."PROCINPARAMETER" (param1 IN VARCHAR2)
IS
BEGIN
DBMS_OUTPUT.PUT_LINE('helo', param1);
END;

/
--------------------------------------------------------
--  DDL for Procedure PROCONEINPARAMETER
--------------------------------------------------------
set define off;

  CREATE OR REPLACE PROCEDURE "KINGBARAJA"."PROCONEINPARAMETER" (param1 IN VARCHAR2)
IS
BEGIN
 
  DBMS_OUTPUT.PUT_LINE('Hello World IN parameter ' || param1);
 
END;

/
--------------------------------------------------------
--  DDL for Procedure PROCPRINTHELLOWORLD
--------------------------------------------------------
set define off;

  CREATE OR REPLACE PROCEDURE "KINGBARAJA"."PROCPRINTHELLOWORLD" 
IS
BEGIN
DBMS_OUTPUT.PUT_LINE('Hello World');
END;

/
--------------------------------------------------------
--  DDL for Procedure SIMPLE
--------------------------------------------------------
set define off;

  CREATE OR REPLACE PROCEDURE "KINGBARAJA"."SIMPLE" 
IS
v_LoopCounter BINARY_INTEGER := 1;
BEGIN
LOOP
INSERT INTO temp_table(num_col) VALUES(v_LoopCounter);
v_LoopCounter := v_LoopCounter + 1;
EXIT WHEN v_LoopCounter > 50;
END LOOP;
END;

/
